uf1327,uri,fender,m,december 4 1993,bamanankan,ab,virgo,chamaeleon,neptune,action,velociraptor
ys1711,yani,sellars,f,september 7 1990,bulgarian,a,virgo,puppis,neptune,historical,ankylosaurus
kt1797,koryn,tinoco,m,may 21 1990,mongolian,a,sagittarius,sagitta,pluto,thriller_suspense,velociraptor
pc1377,praneel,carriere,m,may 4 1991,mongolian,ab,sagittarius,triangulum,jupiter,independent,pteranodon
md1060,mazi,deanda,f,july 6 1989,aramaic,o,capricorn,lyra,jupiter,cooking,dimorphodon
dp1207,daymion,pera,m,january 16 1991,belarusan,a,virgo,hercules,saturn,anime,indominus_rex
ec1276,evaly,castelan,f,july 30 1989,esperanto,ab,gemini,scorpius,pluto,short_films,dimorphodon
ke1198,khyro,eaves,m,november 3 1999,malagasy,a,taurus,microscopium,saturn,romantic_comedy,carnotaurus
sp1266,shanyla,plunk,f,january 21 1995,gujarati,ab,aries,phoenix,uranus,webdrama,carnotaurus
ma1946,manfred,abe,m,december 28 1987,lithuanian,a,leo,corona,jupiter,cooking,tyrannosaurus_rex
dw1073,dewitt,wolcott,m,july 14 1998,mende,b,leo,fornax,saturn,dance,triceratops
nz1943,niylah,zappia,f,october 24 1990,catalan,o,aries,lacerta,uranus,rock,qianzhousaurus
gz1174,graceyn,zurita,f,may 9 1999,mende,ab,libra,fornax,venus,thriller_suspense,velociraptor
kk1717,kyrion,kilburn,m,january 29 1985,nepali,o,leo,delphinus,neptune,family_friendly,dimorphodon
ad1121,ariana,dickson,f,october 24 1991,thai,b,sagittarius,chamaeleon,mercury,drama,dryosaurus
rs1370,reeman,starke,f,july 21 1989,scottish_gaelic,o,aquarius,hydra,mercury,biography,pteranodon
mz1258,marlana,zavalza,f,may 14 1995,telugu,a,cancer,caelum,saturn,cooking,microceratus
ml1729,miriam,liguori,f,november 24 1985,xhosa,ab,sagittarius,aquila,neptune,telenovelas,microceratus
eh1459,elisandro,hechavarria,m,april 23 1995,ilocano,o,aries,puppis,venus,romantic_comedy,edmontosaurus
as1734,aunesti,shew,f,february 24 1999,korean,o,sagittarius,lupus,uranus,crime_mystery,triceratops
cs1634,callee,schantz,f,august 15 1999,sanskrit,a,aquarius,carina,earth,fashion,brachiosaurus
sm1599,skilar,mcspadden,f,april 21 1990,ilocano,a,gemini,circinus,saturn,fashion,ankylosaurus
kh1083,khalen,hadler,m,june 23 1990,tatar,ab,cancer,piscis_austrinus,pluto,beauty,indominus_rex
iw1435,izalea,warnke,f,may 12 1997,tagalog,ab,leo,auriga,earth,adventure,pteranodon
tb1678,tayleigh,bodin,f,may 4 1995,macedonian,b,libra,corona,pluto,melodrama,tyrannosaurus_rex
zc1248,zmiyah,cellucci,f,december 26 1998,ukrainian,a,capricorn,draco,jupiter,music,brachiosaurus
dh1279,demetri,harshbarger,m,december 8 1989,aramaic,a,libra,auriga,earth,fashion,baryonyx
rd1927,reis,digiulio,m,february 7 1999,estonian,a,taurus,pavo,neptune,beauty,mosasaurus
vd1964,vaayu,daulton,m,december 23 1999,tok_pisin,o,leo,aquila,pluto,biography,suchomimus
am1893,albus,mckissack,m,january 17 1997,russian,a,leo,coma_berenices,mercury,comedy,dimorphodon
ad1605,ashton,dahmen,m,june 24 1997,yucatec,o,sagittarius,pyxis,saturn,political,baryonyx
ig1054,iyanna,gassaway,f,april 5 1997,czech,a,aquarius,aquila,neptune,horror,dryosaurus
cm1867,cypress,mulherin,m,september 28 1995,hebrew,o,taurus,delphinus,earth,beauty,dryosaurus
hl1599,hamdan,litman,m,june 16 1989,kashmiri,b,libra,lynx,jupiter,historical,mosasaurus
vs1016,vishwa,slusher,m,october 27 1991,xhosa,ab,sagittarius,capricornus,earth,fashion,nasutoceratops
nr1885,naviya,ritsema,f,september 15 1998,mongolian,o,libra,cetus,mars,fashion,qianzhousaurus
hb1076,haygen,barcomb,m,october 2 1986,belarusan,o,cancer,telescopium,venus,crime_mystery,pteranodon
hb1086,harumi,bevington,f,march 27 1992,oriya,a,aries,tucana,earth,crime_mystery,dryosaurus
km1850,kolbee,morriss,f,december 7 1989,nahuatl,b,leo,canes_venatici,saturn,lifestyle,velociraptor
ed1272,ellori,devall,f,april 9 1989,belarusan,a,capricorn,indus,jupiter,romance,microceratus
dl1504,denver,logsdon,m,march 18 1987,thai,ab,libra,canis,neptune,comedy,kentrosaurus
bk1085,bransyn,knuth,m,june 26 1992,korean,b,aquarius,volans,mars,culture,brachiosaurus
jm1455,jarell,millar,m,may 29 1995,gikuyu,b,leo,capricornus,neptune,idol,stegosaurus
jh1181,javarus,head,m,december 15 1999,warlpiri,a,pisces,delphinus,neptune,fashion,gallimimus
sm1618,samaje,mastin,m,february 12 1995,ilocano,ab,taurus,mensa,pluto,war,spinosaurus
kd1744,korver,deslauriers,m,march 12 1994,vietnamese,o,virgo,vulpecula,venus,historical,brachiosaurus
kc1893,krissy,cellucci,f,april 15 1987,gikuyu,b,gemini,corvus,mars,biography,edmontosaurus
el1079,edin,lefrancois,m,february 9 1988,hungarian,a,taurus,draco,mercury,anime,velociraptor
kp1470,keyleth,picou,m,september 15 1999,uzbek,o,aquarius,tucana,venus,thriller_suspense,tyrannosaurus_rex
nb1853,nani,blandford,f,october 11 1995,serbian,a,sagittarius,serpens,pluto,beauty,suchomimus
et1456,essiah,trost,m,june 27 1993,tatar,ab,sagittarius,norma,pluto,webdrama,tyrannosaurus_rex
au1291,abdiaziz,ulery,m,september 5 1996,samoan,o,gemini,caelum,uranus,romantic_comedy,baryonyx
ac1116,asal,cozad,f,september 29 1985,lao,a,cancer,phoenix,pluto,variety_show,qianzhousaurus
km1686,kaisyn,mcclurg,m,march 13 1987,guarani,a,aries,phoenix,neptune,variety,apatosaurus
ad1990,adon,durden,m,october 5 1999,korean,a,leo,volans,mars,horror,spinosaurus
dh1595,deliylah,hari,f,july 19 1998,khmer,a,leo,dorado,saturn,fantasy,microceratus
mf1259,mercy,florence,m,february 10 1985,greek,a,capricorn,auriga,saturn,action,brachiosaurus
cs1102,camree,spino,f,january 15 1990,kabyle,ab,scorpio,columba,saturn,crime_mystery,triceratops
um1496,umair,metzgar,m,august 25 1996,icelandic,a,taurus,columba,mars,idol,nasutoceratops
mb1114,manaal,botto,f,august 25 1999,uyghur,b,sagittarius,circinus,mercury,horror,pteranodon
zf1665,zana,fortin,f,october 15 1996,spanish,o,libra,pavo,venus,travel,dimorphodon
nb1774,novalynne,brim,f,december 25 1985,oriya,b,sagittarius,triangulum,mars,travel,pteranodon
am1963,alon,morken,m,october 2 1989,chechen,ab,libra,leo_minor,neptune,travel,brachiosaurus
ls1440,lux,sartin,f,may 3 1997,irish_gaelic,b,taurus,puppis,jupiter,telenovelas,apatosaurus
nv1842,neytan,villers,m,january 27 1999,estonian,b,scorpio,pegasus,jupiter,melodrama,carnotaurus
ak1399,alessandria,kubicek,f,june 25 1996,tachelhit,ab,capricorn,scorpius,neptune,beauty,carnotaurus
lb1162,lizabeth,bartee,f,april 16 1991,sindhi,ab,cancer,crater,mars,historical,brachiosaurus
rp1536,richardo,palacios,m,february 5 1998,norwegian,ab,aries,indus,jupiter,travel,pteranodon
ma1062,michoel,akpan,m,july 27 1995,portuguese,ab,aries,perseus,jupiter,fantasy,indominus_rex
jr1648,jade,riche,f,february 9 1992,malagasy,a,aquarius,canes_venatici,mercury,melodrama,dimorphodon
zv1947,zyan,vuong,f,september 2 1996,tok_pisin,a,capricorn,grus,venus,sci_fi,triceratops
et1104,embrie,tanguma,f,march 14 1995,khmer,o,gemini,ara,pluto,idol,suchomimus
cr1270,constantino,riles,m,april 3 1996,malay,b,capricorn,cetus,neptune,entertainment,nasutoceratops
nh1058,nameer,hofbauer,m,february 27 1991,slovene,b,leo,lyra,jupiter,biography,kentrosaurus
mh1049,madisynn,hilburn,f,february 10 1988,assamese,ab,libra,crater,earth,telenovelas,spinosaurus
yf1327,yadel,foti,m,november 15 1994,zulu,b,virgo,fornax,saturn,sci_fi,dimorphodon
zb1375,zedric,blocker,m,march 9 1991,lithuanian,ab,sagittarius,tucana,uranus,family_friendly,velociraptor
jp1652,jaydin,poley,f,july 12 1995,latvian,b,aquarius,pegasus,mercury,supernatural,kentrosaurus
ac1564,angelie,capriotti,f,april 2 1994,slovene,o,aries,caelum,venus,sci_fi,pteranodon
dg1878,dixie,ganoe,f,january 11 1994,serbian,b,aries,pavo,uranus,entertainment,pteranodon
rs1139,rudolf,serena,m,november 5 1996,aymara,ab,taurus,hydra,uranus,cooking,microceratus
ph1446,penn,hise,f,july 15 1997,english,ab,libra,volans,earth,documentary,kentrosaurus
ke1256,kaliya,eure,f,september 4 1999,tachelhit,b,scorpio,aquila,jupiter,drama,apatosaurus
ip1625,imogene,prell,f,february 29 1999,somali,o,sagittarius,ursa,pluto,idol,pteranodon
zs1019,ziggy,szostak,f,august 30 1990,persian,o,sagittarius,norma,pluto,beauty,spinosaurus
dm1902,drago,malachowski,m,october 30 1995,latvian,o,cancer,cygnus,uranus,comedy,nasutoceratops
lm1549,lesedi,morken,f,december 26 1995,navajo,a,libra,monoceros,uranus,comedy,indominus_rex
rr1749,raffi,rigdon,m,february 17 1986,dholuo,b,capricorn,andromeda,earth,drama,suchomimus
ag1881,ameera,gianni,f,october 1 1999,turkmen,o,aquarius,leo_minor,venus,travel,pteranodon
pl1628,preston,letcher,m,september 20 1999,dakota,ab,aquarius,scutum,saturn,thriller_suspense,nasutoceratops
zg1682,zeyn,goodson,m,january 16 1995,somali,o,sagittarius,centaurus,mercury,culture,indominus_rex
km1273,kaliann,mallonee,f,april 28 1999,cebuano,ab,leo,dorado,jupiter,war,microceratus
kb1826,khylar,brunn,m,june 24 1993,german,ab,aries,ophiuchus,earth,drama,tyrannosaurus_rex
rs1739,raeana,stueve,f,june 2 1995,nepali,ab,libra,sextans,earth,film_noir,baryonyx
hg1854,hadicha,griesemer,f,june 30 1986,oromo,a,pisces,sagitta,saturn,romance,brachiosaurus
es1174,emiliya,sheffler,f,march 5 1986,german,b,scorpio,lupus,mars,melodrama,tyrannosaurus_rex
ss1676,sereniti,seewald,f,september 20 1987,zulu,ab,scorpio,capricornus,neptune,telenovelas,kentrosaurus
lr1725,laia,rolfes,f,june 20 1993,sinhala,o,scorpio,puppis,mars,dance,kentrosaurus
ow1344,ozella,wetzel,f,august 3 1990,marathi,o,cancer,vela,neptune,war,pteranodon
jp1429,jazlynne,partain,f,january 9 1996,catalan,ab,pisces,eridanus,neptune,drama,kentrosaurus
dt1536,darris,terrebonne,m,december 13 1992,dholuo,ab,capricorn,volans,venus,comedy,brachiosaurus
kd1656,kingsley,durso,f,may 22 1995,kurdish,o,gemini,coma_berenices,venus,lifestyle,mosasaurus
al1079,analeigh,lauth,f,august 1 1988,tagalog,a,taurus,serpens,mars,film_noir,velociraptor
zd1993,zaylyn,dornbusch,f,october 11 1996,uzbek,a,leo,ophiuchus,venus,crime_mystery,brachiosaurus
ia1828,idamae,ambrosio,f,may 21 1998,mongolian,o,cancer,puppis,pluto,fantasy,tyrannosaurus_rex
lr1263,lestat,reinoso,m,september 15 1994,tatar,b,sagittarius,grus,mars,culture,tyrannosaurus_rex
zp1678,zyaire,pelland,m,july 28 1985,turkish,b,libra,hercules,venus,romance,pteranodon
tf1273,tayah,frutos,f,january 26 1987,yakut,a,sagittarius,vela,venus,film_noir,stegosaurus
aw1218,ashleigh,wiedman,f,april 2 1989,greek,a,cancer,horologium,mercury,cooking,edmontosaurus
nh1983,nishka,hufstetler,f,november 28 1986,latvian,a,aries,triangulum,uranus,telenovelas,spinosaurus
kl1562,korii,laffoon,f,april 8 1991,tok_pisin,ab,leo,indus,mercury,biography,suchomimus
cy1797,coulson,yaple,m,january 30 1989,italian,b,virgo,triangulum,venus,drama,pteranodon
id1247,itzamar,duhamel,f,november 26 1996,aramaic,a,aquarius,pictor,uranus,short_films,nasutoceratops
sr1222,scotti,rexrode,f,september 28 1995,cantonese,a,aries,cepheus,jupiter,war,qianzhousaurus
wj1795,willah,johannes,f,november 10 1985,ukrainian,ab,leo,fornax,mars,telenovelas,mosasaurus
kl1415,keliah,lair,f,may 7 1992,bhojpuri,ab,cancer,lacerta,uranus,romantic_comedy,spinosaurus
hr1167,haegen,rioux,m,march 18 1989,croatian,a,aquarius,octans,neptune,independent,stegosaurus
vl1388,vandan,luse,m,november 13 1998,tagalog,ab,virgo,camelopardalis,venus,lifestyle,edmontosaurus
yc1259,yahye,courtright,m,june 30 1999,french,ab,aquarius,musca,pluto,supernatural,spinosaurus
nt1589,nuala,takach,f,may 15 1994,finnish,a,leo,chamaeleon,earth,beauty,brachiosaurus
zs1249,zackery,swint,m,december 3 1993,hiligaynon,b,scorpio,equuleus,pluto,fantasy,spinosaurus
ss1716,sylas,skeens,f,august 3 1997,gujarati,o,capricorn,cetus,earth,action,indominus_rex
sg1181,simone,gamon,f,april 25 1986,amharic,ab,scorpio,hydrus,jupiter,melodrama,apatosaurus
jm1765,jyaire,monaghan,m,december 2 1990,afrikaans,o,libra,ara,neptune,biography,indominus_rex
jv1803,julyan,virgilio,m,october 7 1997,malay,o,leo,volans,mercury,classics,kentrosaurus
hh1180,huck,halko,m,november 23 1993,ojibwa,o,aries,gemini,pluto,classics,brachiosaurus
er1176,elroi,remache,m,july 25 1991,bislama,b,scorpio,hercules,saturn,melodrama,dryosaurus
zn1952,zahair,nethery,m,september 18 1996,bhojpuri,ab,taurus,draco,jupiter,action,stegosaurus
dk1993,dago,kimbro,m,april 7 1998,dari,ab,gemini,pavo,jupiter,drama,triceratops
db1816,diangelo,balthrop,m,march 2 1987,aymara,ab,aquarius,orion,neptune,supernatural,apatosaurus
ks1020,kierstin,scates,f,september 21 1988,hiligaynon,o,scorpio,tucana,jupiter,dance,qianzhousaurus
hs1667,homer,stenson,m,may 26 1994,croatian,ab,scorpio,grus,saturn,documentary,dimorphodon
as1711,amabel,samek,f,august 27 1997,greek,b,cancer,crater,mercury,historical,mosasaurus
at1219,aleda,thielman,f,january 20 1995,serbian,ab,aquarius,vela,pluto,melodrama,spinosaurus
za1489,zafirah,au,f,december 9 1996,dakota,b,aquarius,norma,saturn,anime,stegosaurus
cw1080,chessa,wadley,f,may 11 1988,kashmiri,a,leo,corvus,pluto,drama,qianzhousaurus
lm1164,laura,marrujo,f,september 22 1999,zapotec,ab,scorpio,centaurus,uranus,sports,dryosaurus
zs1190,zavier,soong,m,october 18 1994,afrikaans,b,aries,octans,pluto,historical,pteranodon
cl1892,coden,lorch,m,june 27 1986,tagalog,o,virgo,corona,mars,dance,suchomimus
dg1249,deaire,gonzaga,m,july 26 1999,aramaic,o,taurus,eridanus,uranus,political,spinosaurus
vm1674,vincenza,marker,f,november 10 1997,dari,o,cancer,pavo,mercury,biography,carnotaurus
mb1540,mirren,boehler,f,april 15 1987,sindhi,a,sagittarius,cassiopeia,saturn,independent,qianzhousaurus
rl1520,riggin,locascio,m,august 7 1992,maithili,a,cancer,lyra,neptune,family_friendly,triceratops
bl1498,baldomero,longino,m,february 13 1998,assamese,o,sagittarius,cetus,venus,supernatural,carnotaurus
kf1839,kymira,florencio,f,september 19 1990,portuguese,ab,aquarius,dorado,earth,political,brachiosaurus
ag1417,addicus,gallardo,m,april 17 1991,hawaiian,a,capricorn,delphinus,mercury,independent,edmontosaurus
kd1729,kelsee,delariva,f,august 3 1986,burmese,ab,sagittarius,perseus,pluto,film_noir,tyrannosaurus_rex
lb1864,louden,balistreri,m,august 3 1997,estonian,b,aquarius,cygnus,mars,lifestyle,suchomimus
sm1961,sundae,mallen,f,march 9 1989,dakota,a,aquarius,auriga,mars,reality,brachiosaurus
sl1720,sankara,legros,m,november 28 1986,mende,a,virgo,orion,jupiter,political,qianzhousaurus
ce1192,corissa,elizalde,f,november 4 1987,basque,b,cancer,canis,venus,idol,pteranodon
yh1200,yahir,hotaling,m,november 16 1997,hiligaynon,a,taurus,apus,earth,romantic_comedy,qianzhousaurus
ig1736,iyari,garate,f,september 21 1985,lithuanian,b,virgo,canis,neptune,adventure,carnotaurus
bd1922,breken,dossey,m,april 26 1987,tajiki,o,aries,indus,pluto,historical,dryosaurus
pd1453,peighton,depasquale,f,april 30 1991,icelandic,b,cancer,dorado,earth,music,ankylosaurus
ms1109,mick,socarras,m,november 10 1994,kabyle,o,libra,cassiopeia,mercury,classics,gallimimus
mb1716,mckenna,bross,f,july 29 1988,aramaic,ab,aquarius,sextans,neptune,anime,edmontosaurus
nc1743,novalee,cattaneo,f,january 19 1987,tatar,ab,taurus,volans,jupiter,music,spinosaurus
bb1890,bostynn,bunnell,f,april 3 1996,bamanankan,ab,pisces,andromeda,earth,dance,mosasaurus
tt1227,taras,tomaino,m,october 23 1994,sinhala,b,virgo,corona,saturn,costume_period,carnotaurus
bs1587,brenlee,shor,f,february 8 1996,croatian,ab,pisces,lepus,neptune,lifestyle,triceratops
zk1681,zahmari,keebler,m,december 1 1998,bamanankan,o,gemini,canes_venatici,venus,war,kentrosaurus
nk1183,nataliah,kristensen,f,june 7 1993,kyrgyz,ab,gemini,cepheus,mars,supernatural,brachiosaurus
kd1963,keomi,dunker,f,february 15 1985,dakota,a,cancer,lacerta,uranus,cartoons,qianzhousaurus
th1447,teoman,hillstrom,m,june 14 1991,lao,b,aquarius,cassiopeia,mars,cartoons,triceratops
bb1818,buchanan,boer,m,february 25 1999,greek,b,sagittarius,apus,neptune,idol,gallimimus
ef1868,ekaterina,fearn,f,june 7 1985,vietnamese,a,scorpio,delphinus,jupiter,thriller_suspense,apatosaurus
ar1733,aarnika,rask,f,july 27 1995,cherokee,a,capricorn,indus,venus,rock,velociraptor
jl1715,jesly,liming,f,august 21 1999,nepali,a,aries,canes_venatici,pluto,fashion,stegosaurus
rw1016,raiya,waugh,f,march 8 1989,lingala,a,aquarius,vela,mars,documentary,triceratops
jo1471,jiyana,ouimette,f,september 21 1998,malay,b,sagittarius,eridanus,saturn,fashion,microceratus
mm1129,malibu,mcgraw,f,september 13 1989,latvian,a,gemini,phoenix,saturn,supernatural,dryosaurus
ah1927,arpi,hunsberger,f,february 9 1991,catalan,a,scorpio,piscis_austrinus,pluto,dance,dryosaurus
sm1428,sarafina,mulcahy,f,march 24 1991,scottish_gaelic,a,aries,volans,saturn,romantic_comedy,gallimimus
lt1852,lawton,thiam,m,july 28 1996,shona,a,pisces,corvus,neptune,telenovelas,apatosaurus
lw1468,latavious,wax,m,december 15 1987,somali,a,taurus,phoenix,mercury,dance,kentrosaurus
bz1549,brandy,zaidi,f,august 1 1986,bislama,a,virgo,caelum,mercury,rock,gallimimus
np1342,nephi,prunty,m,october 12 1986,latvian,b,capricorn,caelum,earth,romantic_comedy,stegosaurus
lw1622,lonzo,willey,m,january 23 1998,portuguese,b,gemini,pegasus,uranus,family_friendly,baryonyx
mr1522,minahil,riggs,f,november 12 1999,pashto,o,sagittarius,lupus,mars,biography,edmontosaurus
lh1524,lucian,hamblin,m,december 28 1989,mandarin,b,taurus,telescopium,mercury,independent,stegosaurus
mp1387,merica,pressler,f,february 12 1988,hebrew,ab,leo,lyra,mercury,comedy,pteranodon
ew1071,elder,whittenburg,m,march 1 1985,yiddish,o,aries,scorpius,venus,music,qianzhousaurus
kd1253,klarke,dieujuste,f,march 3 1988,uyghur,o,cancer,camelopardalis,pluto,culture,edmontosaurus
rm1750,raven,mcgahee,m,february 27 1993,korean,o,sagittarius,sculptor,jupiter,biography,triceratops
nh1823,neaveh,hinton,f,november 18 1992,albanian,o,cancer,octans,mars,political,triceratops
kk1492,kapri,kyte,f,november 18 1987,xhosa,a,scorpio,centaurus,saturn,melodrama,microceratus
sr1002,sithara,ruvalcaba,f,april 24 1988,hebrew,a,aries,ursa,uranus,horror,velociraptor
kc1767,krislynn,coletta,f,march 10 1997,estonian,a,capricorn,cetus,mars,telenovelas,carnotaurus
hl1258,hilton,lambert,f,november 4 1993,oromo,a,aries,scorpius,saturn,biography,suchomimus
np1123,nimah,points,f,april 20 1992,bamanankan,o,pisces,ophiuchus,mercury,fashion,indominus_rex
yl1725,yazan,lawson,m,november 25 1992,kannada,ab,pisces,cassiopeia,mars,family_friendly,triceratops
ev1461,ezael,villeda,m,may 15 1985,vietnamese,a,aquarius,apus,pluto,travel,nasutoceratops
am1699,abigaelle,maxey,f,february 18 1998,uyghur,a,aries,perseus,jupiter,action,apatosaurus
nc1306,nyzaiah,connery,m,january 18 1995,albanian,o,pisces,indus,pluto,idol,edmontosaurus
am1988,annalisia,marszalek,f,june 12 1986,oriya,a,capricorn,hercules,neptune,film_noir,baryonyx
cb1190,camarri,bardo,m,june 12 1994,georgian,b,aquarius,corvus,neptune,telenovelas,microceratus
kj1980,kaled,jaynes,m,july 10 1986,bosnian,a,virgo,norma,earth,family_friendly,mosasaurus
ss1024,sybil,stoner,f,january 1 1996,romani,b,leo,sagitta,earth,biography,dryosaurus
ec1106,emaan,christie,f,january 30 1991,macedonian,b,taurus,ursa,neptune,lifestyle,spinosaurus
eh1462,emmalou,hayden,f,october 18 1987,belarusan,ab,gemini,phoenix,saturn,cooking,microceratus
co1427,clancy,ovando,f,april 26 1988,chechen,o,sagittarius,lacerta,venus,telenovelas,microceratus
as1626,annaleise,sayler,f,november 17 1985,welsh,a,libra,scorpius,uranus,political,edmontosaurus
ls1085,lael,seidel,m,october 29 1994,arabic,o,cancer,andromeda,jupiter,sci_fi,qianzhousaurus
kp1646,kenda,pizano,f,march 12 1989,belarusan,ab,taurus,pegasus,uranus,fantasy,stegosaurus
ah1601,autym,hawthorn,f,december 17 1996,aymara,b,libra,canis,venus,family_friendly,nasutoceratops
jc1392,johncarlos,courville,m,june 28 1991,german,ab,virgo,cygnus,mercury,comedy,apatosaurus
vk1501,viviana,kissoon,f,september 17 1994,malayalam,o,libra,norma,mercury,romance,dryosaurus
kc1347,kamoni,carlini,m,december 6 1985,norwegian,a,leo,capricornus,earth,war,dimorphodon
dc1719,dash,corrao,m,november 16 1985,rwanda,ab,gemini,andromeda,venus,biography,stegosaurus
vg1406,vincenzo,grosso,m,july 11 1998,bislama,o,taurus,columba,neptune,action,nasutoceratops
lr1958,laylanni,rabalais,f,march 27 1998,romani,o,libra,pictor,earth,sports,mosasaurus
tb1328,tyla,boyles,f,december 23 1991,indonesian,o,leo,grus,pluto,crime_mystery,dryosaurus
aw1034,ajuni,warlick,f,july 26 1988,hiligaynon,ab,virgo,antlia,venus,romance,dimorphodon
nc1402,novel,crisler,m,march 29 1998,sindhi,b,aries,serpens,pluto,beauty,edmontosaurus
eb1954,ezri,bohlen,f,march 13 1987,yiddish,a,taurus,lupus,earth,sports,ankylosaurus
pn1536,paiton,nowaczyk,f,march 15 1990,swedish,ab,aquarius,scorpius,uranus,telenovelas,ankylosaurus
sb1489,stormi,barriere,f,january 22 1987,romani,o,sagittarius,andromeda,uranus,historical,suchomimus
vs1771,vivica,stanback,f,january 2 1988,yucatec,b,virgo,leo_minor,jupiter,crime_mystery,pteranodon
jb1543,jaelin,basulto,f,july 10 1986,tok_pisin,ab,taurus,pyxis,neptune,romance,carnotaurus
nb1599,naseem,berryman,m,december 23 1985,tachelhit,b,capricorn,scorpius,uranus,beauty,nasutoceratops
zg1683,zeina,golla,f,february 28 1993,irish_gaelic,o,gemini,tucana,earth,webdrama,brachiosaurus
lg1308,laiken,gasca,m,september 9 1986,nahuatl,o,capricorn,hydra,venus,political,triceratops
af1174,aliyanna,filipiak,f,december 27 1988,zulu,ab,sagittarius,ursa,uranus,short_films,apatosaurus
is1979,izel,shah,m,january 30 1993,nepali,a,capricorn,horologium,pluto,beauty,mosasaurus
zj1260,zarra,ju,f,september 24 1992,hausa,a,taurus,eridanus,earth,fashion,edmontosaurus
af1349,analena,fujimoto,f,september 19 1997,hungarian,b,capricorn,pyxis,neptune,sci_fi,brachiosaurus
ad1789,aiven,delgiudice,m,august 11 1990,slovene,b,scorpio,draco,mars,crime_mystery,pteranodon
yt1970,yasiah,toombs,m,november 2 1999,assamese,ab,aries,monoceros,jupiter,action,gallimimus
rw1881,ray,wathen,m,march 22 1998,kyrgyz,o,scorpio,corvus,venus,idol,dryosaurus
lj1805,leti,jalali,f,may 1 1997,tagalog,ab,scorpio,lynx,pluto,political,velociraptor
cb1911,carolynn,beckman,f,july 22 1997,romani,b,sagittarius,musca,earth,sports,suchomimus
nm1551,neah,maclennan,f,october 8 1993,portuguese,b,pisces,reticulum,mars,historical,brachiosaurus
rt1861,renleigh,troche,f,december 21 1985,tigrigna,a,virgo,norma,venus,film_noir,velociraptor
kl1835,kenay,lahue,m,june 20 1990,pashto,ab,scorpio,monoceros,venus,melodrama,nasutoceratops
es1662,ellason,sandifer,f,may 8 1986,hausa,a,pisces,ophiuchus,earth,historical,pteranodon
dl1130,dillinger,lallier,m,march 4 1990,nepali,a,capricorn,dorado,neptune,crime_mystery,stegosaurus
em1468,emiko,michener,f,july 7 1993,warlpiri,ab,aries,lepus,mercury,fashion,mosasaurus
cr1106,caylynn,roca,f,october 8 1999,hawaiian,ab,aquarius,chamaeleon,uranus,war,indominus_rex
me1516,mckenzie,exner,f,august 24 1998,inuit,o,capricorn,musca,earth,political,qianzhousaurus
td1007,theryn,dantonio,m,july 30 1987,persian,b,leo,telescopium,mercury,thriller_suspense,mosasaurus
ez1835,elonzo,zebrowski,m,november 12 1995,mende,b,libra,pyxis,venus,documentary,gallimimus
kp1858,kyndel,popovic,f,february 23 1991,xhosa,a,scorpio,sextans,saturn,sports,brachiosaurus
gm1359,genecis,mccay,f,february 20 1995,bosnian,a,taurus,sextans,uranus,webdrama,stegosaurus
dd1091,donzell,durkin,m,july 2 1993,belarusan,a,libra,serpens,earth,short_films,edmontosaurus
am1902,attila,mckinney,m,november 18 1988,nepali,a,leo,phoenix,saturn,fantasy,gallimimus
oc1838,ophira,coutinho,f,may 18 1998,nahuatl,ab,gemini,lupus,pluto,lifestyle,edmontosaurus
kj1848,karley,jose,f,august 2 1992,romani,ab,pisces,sculptor,mars,idol,microceratus
hd1948,hally,depena,f,august 13 1985,portuguese,ab,capricorn,leo_minor,saturn,melodrama,carnotaurus
tb1601,terriyah,bhatti,f,september 26 1999,chechen,a,capricorn,norma,jupiter,telenovelas,baryonyx
yj1202,yadira,jeanphilippe,f,september 27 1986,kashmiri,ab,taurus,hydra,pluto,sports,tyrannosaurus_rex
pk1856,pandora,kozel,f,july 5 1999,hungarian,a,capricorn,delphinus,pluto,short_films,stegosaurus
ek1886,elysia,keehn,f,january 17 1990,mandarin,ab,gemini,horologium,earth,webdrama,pteranodon
jg1760,jrue,gusler,m,july 5 1988,malayalam,b,pisces,eridanus,jupiter,romance,carnotaurus
tr1843,tad,reighard,m,february 18 1985,quechua,a,capricorn,cygnus,earth,cartoons,kentrosaurus
km1254,kaleab,mccroskey,m,november 3 1996,esperanto,b,libra,antlia,uranus,beauty,velociraptor
hb1631,huntlee,busha,m,february 28 1994,scottish_gaelic,ab,leo,pictor,uranus,travel,indominus_rex
kc1376,kariyah,creswell,f,march 25 1985,xhosa,a,cancer,reticulum,mercury,idol,triceratops
cb1423,calhoun,bogert,m,november 14 1990,shona,a,sagittarius,pictor,neptune,entertainment,dryosaurus
mh1917,milanni,hamann,f,september 21 1993,basque,b,aquarius,pavo,neptune,dance,gallimimus
kr1325,kendel,re,m,july 6 1986,telugu,o,leo,reticulum,mercury,war,velociraptor
rs1235,romel,slevin,m,may 16 1999,somali,o,gemini,norma,mars,comedy,pteranodon
jt1613,javier,topper,m,march 19 1996,basque,ab,scorpio,volans,uranus,war,dimorphodon
mr1437,makaii,rolls,m,may 13 1990,oromo,a,gemini,andromeda,earth,short_films,indominus_rex
kf1535,karlee,franey,f,november 15 1996,kabyle,b,leo,lacerta,jupiter,crime_mystery,ankylosaurus
cp1473,charly,pride,f,september 19 1987,quechua,a,scorpio,dorado,earth,cartoons,stegosaurus
vc1521,valley,collingwood,f,november 7 1993,yiddish,ab,aquarius,auriga,jupiter,drama,microceratus
kf1857,kymari,fairbairn,m,may 3 1993,tatar,ab,gemini,cassiopeia,uranus,travel,kentrosaurus
tf1506,tayley,folks,f,june 25 1988,latvian,ab,scorpio,indus,venus,entertainment,suchomimus
az1963,aloysius,zelenka,m,july 5 1998,welsh,ab,leo,cygnus,earth,classics,stegosaurus
vg1924,vihaanreddy,gerena,m,july 9 1986,ukrainian,a,libra,lepus,jupiter,culture,pteranodon
jk1279,jace,keebler,m,june 27 1987,finnish,ab,sagittarius,canis,venus,cooking,microceratus
kp1125,kindred,porterfield,f,july 28 1992,khmer,o,taurus,octans,mercury,fantasy,suchomimus
hs1473,harlem,swafford,f,april 5 1999,lithuanian,b,pisces,caelum,mars,film_noir,brachiosaurus
sw1681,samara,warth,f,july 27 1993,albanian,b,aquarius,indus,uranus,melodrama,pteranodon
sc1860,shanel,creasman,f,march 11 1997,jarai,o,taurus,carina,jupiter,comedy,velociraptor
ck1738,candy,kanner,f,february 3 1985,tok_pisin,a,aries,pyxis,earth,adventure,brachiosaurus
xk1719,xaviel,klinge,m,december 10 1994,hebrew,a,scorpio,corona,jupiter,fantasy,gallimimus
kd1132,kolsen,drinkwine,m,october 23 1993,bamanankan,o,capricorn,capricornus,neptune,comedy,ankylosaurus
aq1773,adhyan,quisenberry,m,february 15 1990,marathi,ab,aquarius,circinus,mars,horror,ankylosaurus
nt1515,naylet,taitt,f,august 7 1994,mongolian,b,pisces,ara,pluto,thriller_suspense,kentrosaurus
es1475,euan,stickney,m,february 24 1989,slovene,b,taurus,indus,mars,historical,indominus_rex
eb1200,eevie,brignac,f,february 12 1991,kabyle,a,cancer,pegasus,jupiter,variety,gallimimus
mm1477,malyk,mansaray,m,february 11 1986,japanese,ab,pisces,coma_berenices,saturn,travel,suchomimus
bc1919,brecklyn,coyne,f,december 12 1994,lao,a,gemini,pavo,saturn,independent,brachiosaurus
za1210,zohan,agler,m,february 16 1998,dholuo,a,aquarius,equuleus,pluto,biography,dimorphodon
aa1365,adlynn,albers,f,april 25 1991,nahuatl,o,aries,orion,mars,variety,ankylosaurus
as1306,aulden,stockstill,m,january 8 1985,assamese,a,virgo,carina,neptune,horror,stegosaurus
hn1181,hilal,nobles,f,april 29 1992,malagasy,b,aries,puppis,mars,anime,velociraptor
ih1558,illianna,haigh,f,december 12 1999,danish,o,cancer,centaurus,pluto,romance,velociraptor
ns1294,nolia,stuard,f,january 18 1999,warlpiri,ab,scorpio,perseus,saturn,horror,carnotaurus
em1457,edgard,mitcham,m,august 24 1985,afrikaans,ab,aquarius,ursa,uranus,historical,brachiosaurus
kb1820,kalley,body,f,november 27 1990,inuit,ab,gemini,cepheus,uranus,documentary,mosasaurus
tm1058,tinslee,moos,f,may 14 1996,khmer,o,gemini,cygnus,mercury,rock,edmontosaurus
dc1732,dusan,cappello,m,april 1 1986,latin,a,taurus,indus,neptune,adventure,brachiosaurus
tp1375,tana,pfenning,f,january 16 1985,chechen,a,gemini,crater,mercury,romantic_comedy,apatosaurus
jd1104,jalyn,dominique,f,september 9 1996,wolof,o,cancer,apus,earth,fantasy,apatosaurus
sf1007,skyleigh,fregoso,f,february 26 1999,kabyle,a,sagittarius,monoceros,venus,variety_show,pteranodon
hb1653,hezekyah,blasco,m,august 24 1998,nahuatl,a,sagittarius,grus,mercury,drama,tyrannosaurus_rex
ks1493,kyng,salt,m,november 3 1986,persian,o,leo,lepus,saturn,biography,qianzhousaurus
js1796,jensyn,setter,m,july 10 1999,lao,b,leo,lyra,neptune,travel,pteranodon
pl1447,penn,lazos,m,april 17 1991,italian,ab,taurus,vela,mars,fantasy,brachiosaurus
sm1249,solei,mcgarity,f,may 11 1993,bashkort,a,pisces,chamaeleon,mercury,fantasy,nasutoceratops
vc1115,vahan,crane,m,july 12 1993,turkmen,ab,scorpio,fornax,neptune,lifestyle,baryonyx
tc1432,tyton,capelle,m,may 9 1995,urdu,b,sagittarius,norma,saturn,romantic_comedy,pteranodon
sp1103,shammah,pugmire,f,july 30 1996,bamanankan,o,aries,ara,mercury,adventure,pteranodon
zr1761,ziven,rhinehart,m,october 14 1988,maithili,ab,capricorn,chamaeleon,earth,independent,pteranodon
lf1351,leilah,fayne,f,november 28 1999,yucatec,a,scorpio,cetus,pluto,independent,stegosaurus
dk1246,deanna,krasinski,f,may 2 1985,zulu,o,gemini,equuleus,neptune,music,dryosaurus
cr1673,cain,riviere,m,june 3 1994,portuguese,a,virgo,sextans,mercury,entertainment,pteranodon
hl1721,hrihaan,luera,m,may 29 1985,bulgarian,a,gemini,sagitta,jupiter,supernatural,microceratus
zr1067,zylee,ricketts,f,january 16 1998,cebuano,o,leo,centaurus,uranus,fashion,qianzhousaurus
mw1727,msgana,woodberry,f,august 3 1987,italian,a,libra,ophiuchus,saturn,costume_period,tyrannosaurus_rex
ac1881,aadvik,carron,m,december 19 1986,kurdish,o,gemini,sculptor,jupiter,short_films,nasutoceratops
sp1592,stevierae,probasco,f,may 19 1992,belarusan,b,cancer,indus,neptune,telenovelas,mosasaurus
mp1666,malana,printz,f,may 18 1993,sanskrit,o,pisces,telescopium,mars,drama,edmontosaurus
ye1254,yaretzi,elmer,f,september 30 1989,pashto,b,scorpio,sculptor,mars,idol,pteranodon
ac1884,averyanna,cail,f,november 18 1985,amharic,ab,virgo,corona,venus,cooking,ankylosaurus
es1436,elleanna,soles,f,may 10 1995,punjabi,b,virgo,gemini,uranus,cooking,nasutoceratops
ar1351,ashtin,ripper,f,september 26 1991,malayalam,a,cancer,norma,pluto,romantic_comedy,qianzhousaurus
kj1378,kieran,jaster,f,january 22 1991,korean,ab,virgo,cygnus,mercury,idol,triceratops
st1949,shahaan,tilman,m,july 29 1997,bamanankan,b,aries,lynx,jupiter,historical,dimorphodon
np1542,namari,plum,m,june 2 1985,urdu,o,capricorn,chamaeleon,uranus,variety,kentrosaurus
ms1577,magaly,serr,f,june 30 1985,ilocano,ab,leo,phoenix,uranus,crime_mystery,triceratops
ac1887,amirah,check,f,november 13 1996,khoekhoe,o,libra,chamaeleon,earth,beauty,dryosaurus
xm1102,xophia,mangano,f,february 28 1995,ojibwa,b,sagittarius,dorado,earth,cartoons,triceratops
cl1435,chidera,lamboy,m,december 18 1987,italian,b,gemini,lynx,pluto,biography,velociraptor
mt1533,mihira,thoms,f,april 1 1987,mandarin,ab,libra,tucana,neptune,romantic_comedy,kentrosaurus
et1628,eliseo,toomer,m,may 15 1997,basque,ab,pisces,capricornus,mars,crime_mystery,ankylosaurus
mn1921,moana,noh,f,may 17 1988,xhosa,ab,leo,indus,uranus,political,gallimimus
lw1499,lanai,watchman,f,december 13 1995,chechen,a,pisces,capricornus,mars,variety_show,stegosaurus
jc1041,javian,calle,m,september 29 1991,afrikaans,a,leo,scutum,mercury,melodrama,spinosaurus
ay1069,asahi,yanez,m,may 13 1990,inuit,o,taurus,piscis_austrinus,saturn,film_noir,microceratus
ap1268,adisynn,pavey,f,june 9 1990,german,o,pisces,lacerta,jupiter,music,spinosaurus
xi1816,xahir,ivanov,m,march 17 1999,lao,o,libra,cassiopeia,mercury,music,dryosaurus
ws1287,whitaker,schuchardt,m,september 10 1987,albanian,ab,capricorn,chamaeleon,venus,melodrama,brachiosaurus
op1170,oluwadamilola,perugini,m,october 22 1988,ojibwa,ab,sagittarius,corona,uranus,beauty,dimorphodon
as1912,arav,subramaniam,m,july 14 1986,polish,b,taurus,centaurus,mars,horror,baryonyx
ce1070,caroleena,escue,f,june 6 1989,czech,o,virgo,pegasus,saturn,comedy,nasutoceratops
hh1876,hena,harriott,f,november 25 1998,balochi,b,pisces,hydrus,mercury,anime,pteranodon
jg1821,jameelah,guereca,f,january 2 1997,bengali,a,gemini,lyra,neptune,variety_show,microceratus
rr1545,riordan,rencher,m,october 21 1998,armenian,b,libra,ophiuchus,venus,thriller_suspense,suchomimus
ts1245,teya,strehlow,f,october 21 1993,hausa,b,taurus,fornax,neptune,costume_period,carnotaurus
iv1830,ilya,vara,f,may 18 1987,ukrainian,ab,scorpio,hercules,earth,family_friendly,brachiosaurus
bb1996,blessed,bozeman,m,september 25 1995,oromo,a,libra,camelopardalis,saturn,webdrama,tyrannosaurus_rex
ab1842,aneeka,blinn,f,march 5 1990,scottish_gaelic,o,cancer,lepus,earth,adventure,qianzhousaurus
mv1454,mckinley,viens,f,september 17 1986,korean,b,aquarius,pavo,jupiter,crime_mystery,dryosaurus
im1021,izaiah,moorefield,m,december 19 1987,pashto,ab,aquarius,delphinus,neptune,war,mosasaurus
cl1598,carbon,lavelle,m,february 29 1989,navajo,b,aries,caelum,pluto,rock,edmontosaurus
ib1117,itzia,brooking,f,june 9 1999,hindi,b,taurus,lepus,pluto,anime,spinosaurus
bh1660,broc,haith,m,july 11 1985,serbian,o,gemini,lacerta,earth,family_friendly,kentrosaurus
sw1436,sholom,wittig,m,july 11 1990,irish_gaelic,a,libra,perseus,jupiter,lifestyle,mosasaurus
jh1135,julius,hines,m,october 26 1997,kannada,a,libra,puppis,earth,rock,kentrosaurus
dj1295,dava,jakes,f,november 27 1995,pashto,o,pisces,lyra,mars,political,triceratops
mf1717,malak,falk,m,august 28 1994,arabic,ab,aquarius,sculptor,pluto,costume_period,gallimimus
kt1698,kayomi,teachey,f,april 24 1998,greek,a,sagittarius,grus,pluto,anime,stegosaurus
sc1654,soleil,constant,m,november 21 1995,hungarian,ab,virgo,musca,uranus,webdrama,indominus_rex
gw1897,greison,walder,m,december 8 1991,tagalog,a,taurus,apus,mars,independent,carnotaurus
eg1370,eneri,garciaperez,f,september 6 1999,japanese,b,virgo,carina,saturn,cartoons,pteranodon
ep1510,emorii,petrini,f,february 5 1997,tigrigna,ab,libra,leo_minor,mars,biography,edmontosaurus
bp1601,billy,paniagua,f,february 17 1992,tatar,o,capricorn,phoenix,mercury,idol,pteranodon
ka1494,kamari,argue,f,january 19 1991,norwegian,ab,scorpio,grus,uranus,romantic_comedy,ankylosaurus
ja1834,jakim,asbill,m,june 14 1997,italian,b,cancer,camelopardalis,mercury,idol,apatosaurus
gl1345,graylen,leiter,m,october 3 1988,armenian,ab,sagittarius,gemini,venus,idol,dryosaurus
ak1790,arlet,kannan,f,march 13 1989,romanian,a,gemini,equuleus,venus,costume_period,spinosaurus
cr1112,ciella,rosko,f,november 5 1997,tok_pisin,ab,aquarius,pegasus,mars,adventure,suchomimus
gt1489,gift,ticknor,m,august 17 1994,portuguese,o,sagittarius,eridanus,pluto,music,spinosaurus
lg1864,lila,giarrusso,f,april 15 1992,kazakh,a,cancer,pyxis,uranus,family_friendly,mosasaurus
ac1703,aleria,castor,f,june 26 1998,romanian,o,sagittarius,leo_minor,mars,music,spinosaurus
fa1352,ferguson,arcos,m,november 29 1990,mende,b,virgo,gemini,pluto,adventure,indominus_rex
md1499,makaela,dasgupta,f,august 23 1986,burmese,ab,cancer,scorpius,pluto,classics,suchomimus
js1199,jaynee,scarlett,f,april 10 1988,russian,o,pisces,cassiopeia,venus,cartoons,suchomimus
nl1274,necalli,libby,m,september 1 1994,malagasy,b,virgo,octans,pluto,sports,pteranodon
gk1135,gabriele,kirkbride,f,august 19 1987,gujarati,o,libra,norma,venus,entertainment,indominus_rex
ah1281,almaas,hyndman,f,january 26 1999,somali,b,taurus,draco,mars,cooking,suchomimus
hs1775,hamilton,stilwell,m,september 13 1998,bislama,b,virgo,sextans,jupiter,adventure,spinosaurus
dp1667,draylen,petrini,m,april 29 1987,albanian,a,leo,triangulum,pluto,supernatural,apatosaurus
kh1059,kashes,hilker,m,may 28 1987,nepali,ab,capricorn,indus,saturn,lifestyle,microceratus
uc1305,unity,cronan,f,march 26 1998,kyrgyz,ab,pisces,ursa,uranus,supernatural,kentrosaurus
km1414,kymir,mayhue,m,july 14 1987,nahuatl,o,pisces,piscis_austrinus,saturn,reality,velociraptor
lf1128,lane,fichter,m,january 12 1985,afrikaans,b,libra,apus,venus,film_noir,brachiosaurus
if1063,iliza,frady,f,november 5 1996,gikuyu,a,aries,pyxis,jupiter,crime_mystery,pteranodon
dc1761,daxon,cornelious,m,january 6 1994,tamil,ab,taurus,leo_minor,jupiter,telenovelas,triceratops
mm1070,marisol,mira,f,september 11 1988,yiddish,ab,sagittarius,apus,uranus,lifestyle,dimorphodon
dq1621,darielys,quiroz,f,december 24 1998,kabyle,o,virgo,corona,neptune,melodrama,dimorphodon
la1288,lorenzo,ayon,m,august 30 1998,tibetic,b,aries,cepheus,pluto,variety_show,spinosaurus
jf1615,journeigh,frary,f,april 21 1994,uyghur,ab,sagittarius,pyxis,jupiter,idol,nasutoceratops
dm1820,delyza,molinari,f,may 29 1987,catalan,a,pisces,andromeda,pluto,independent,microceratus
eg1279,emylee,getman,f,june 8 1988,slovene,a,virgo,puppis,neptune,telenovelas,triceratops
zs1682,zaheed,saxena,m,january 19 1995,english,b,libra,antlia,uranus,crime_mystery,suchomimus
md1450,mylena,daignault,f,november 12 1989,french,a,gemini,aquila,pluto,comedy,tyrannosaurus_rex
rs1252,realynn,schmuck,f,january 1 1987,guarani,a,scorpio,ophiuchus,uranus,romantic_comedy,suchomimus
jd1139,jaivik,dahmen,m,january 25 1989,danish,a,virgo,grus,pluto,political,gallimimus
ba1962,braydyn,arzola,m,december 27 1985,swedish,b,pisces,monoceros,mercury,sci_fi,gallimimus
yn1784,yemaya,noss,f,august 10 1987,bulgarian,ab,libra,monoceros,pluto,lifestyle,dimorphodon
kc1293,karlo,chhim,m,may 26 1985,rwanda,ab,aries,tucana,mars,cooking,pteranodon
jc1397,jhalani,cromartie,f,april 21 1990,assamese,ab,aries,coma_berenices,venus,reality,brachiosaurus
km1402,kaileen,maple,f,december 27 1987,zapotec,ab,capricorn,musca,neptune,biography,brachiosaurus
lb1132,layden,bohn,m,august 17 1995,lithuanian,ab,pisces,musca,earth,crime_mystery,mosasaurus
kp1956,kasra,parrales,m,january 23 1993,serbian,a,capricorn,gemini,pluto,fashion,dimorphodon
em1670,elek,morejon,m,may 25 1989,catalan,a,gemini,vela,pluto,documentary,pteranodon
ib1743,iskra,bolar,f,july 7 1997,polish,ab,scorpio,delphinus,mercury,cartoons,pteranodon
bk1795,brae,kronberg,m,february 26 1987,inuit,ab,pisces,corvus,mercury,war,triceratops
am1945,araiya,mcnelis,f,june 26 1997,malay,a,aquarius,piscis_austrinus,pluto,costume_period,kentrosaurus
cg1884,coyote,goe,m,april 16 1992,kashmiri,a,gemini,serpens,uranus,romantic_comedy,baryonyx
ts1653,teliyah,schonfeld,f,may 25 1995,malayalam,b,capricorn,circinus,venus,telenovelas,qianzhousaurus
bf1193,blayton,fitzwater,m,november 10 1999,xhosa,a,capricorn,circinus,uranus,biography,qianzhousaurus
so1800,saam,oyervides,m,september 29 1997,oriya,o,scorpio,monoceros,earth,anime,brachiosaurus
zf1816,zakia,fegan,f,march 15 1985,marathi,b,scorpio,fornax,venus,crime_mystery,mosasaurus
ah1510,aaiyana,hout,f,january 5 1990,nahuatl,ab,aquarius,perseus,mars,dance,tyrannosaurus_rex
ip1061,isamar,peters,f,december 22 1990,aymara,b,pisces,pavo,mars,cooking,microceratus
se1426,stephanos,eldridge,m,december 21 1996,kannada,o,leo,coma_berenices,venus,dance,baryonyx
yn1049,yobani,nuno,m,july 8 1992,amharic,o,aquarius,serpens,mars,sci_fi,tyrannosaurus_rex
rc1983,royer,calcagni,m,january 13 1995,catalan,a,leo,columba,neptune,historical,ankylosaurus
sd1005,savvi,dryden,f,july 23 1997,armenian,b,pisces,eridanus,neptune,cartoons,edmontosaurus
kk1387,kc,keisler,m,december 16 1995,xhosa,b,gemini,perseus,saturn,cartoons,gallimimus
sd1102,samaa,douthit,f,june 6 1991,sanskrit,o,gemini,pictor,earth,travel,spinosaurus
cf1105,comfort,friend,f,january 13 1990,persian,o,gemini,gemini,earth,fantasy,brachiosaurus
bl1358,briceson,lineberger,m,may 17 1989,brahui,a,aries,hydrus,earth,fashion,stegosaurus
vn1516,vyolet,nowak,f,may 30 1992,yucatec,b,aquarius,canis,saturn,historical,edmontosaurus
kr1711,karrson,roulhac,m,april 19 1985,spanish,a,sagittarius,ara,mars,dance,triceratops
rd1718,rajan,drummond,m,august 30 1993,belarusan,ab,cancer,canes_venatici,pluto,adventure,dryosaurus
jp1299,jonny,ponzo,m,september 12 1985,xhosa,b,taurus,ursa,venus,variety_show,dryosaurus
fr1311,faithlyn,reale,f,june 24 1998,afrikaans,ab,gemini,carina,jupiter,cooking,pteranodon
ej1986,eisla,johannessen,f,december 8 1993,tajiki,ab,sagittarius,reticulum,venus,idol,nasutoceratops
al1665,amirr,leedom,m,august 26 1990,romani,ab,aries,scutum,earth,war,mosasaurus
ks1710,khary,sok,m,august 26 1992,xhosa,o,pisces,lynx,pluto,music,gallimimus
kc1318,krys,clavijo,m,july 14 1985,catalan,ab,aquarius,gemini,saturn,anime,triceratops
af1517,alethea,fredericksen,f,june 28 1998,indonesian,ab,sagittarius,perseus,neptune,cooking,pteranodon
rp1500,rawlings,paonessa,m,october 1 1996,sanskrit,a,gemini,cetus,earth,fashion,triceratops
bm1671,brylynn,munsch,f,january 26 1991,tagalog,a,libra,puppis,saturn,drama,ankylosaurus
za1995,zuriel,auriemma,m,march 3 1986,lingala,o,virgo,chamaeleon,pluto,anime,qianzhousaurus
hn1142,holland,nordberg,m,december 22 1999,tamil,a,aries,indus,mercury,dance,triceratops
ac1111,angelika,cortinas,f,april 12 1993,aymara,o,gemini,canes_venatici,mercury,webdrama,suchomimus
rf1430,renesme,frederic,f,january 16 1994,malayalam,o,sagittarius,ursa,mercury,anime,dimorphodon
om1253,octayvia,mccready,f,july 22 1986,somali,ab,libra,delphinus,mars,beauty,pteranodon
jr1331,jayvin,rohwer,m,october 28 1986,norwegian,a,virgo,auriga,venus,supernatural,mosasaurus
rs1908,ranyla,sloane,f,june 18 1991,french,o,capricorn,centaurus,jupiter,entertainment,spinosaurus
ng1628,nelya,gladwell,f,august 7 1985,bamanankan,ab,taurus,fornax,uranus,webdrama,spinosaurus
aa1693,aurabella,avery,f,april 5 1989,tagalog,ab,sagittarius,ophiuchus,saturn,adventure,dryosaurus
rh1273,ronal,hesson,m,august 17 1996,english,b,sagittarius,columba,mars,short_films,carnotaurus
ap1695,audelia,prowell,f,september 30 1985,bosnian,o,cancer,antlia,earth,melodrama,baryonyx
el1274,emias,lankford,m,june 22 1986,thai,b,cancer,grus,pluto,horror,apatosaurus
cl1615,cateleya,learned,f,december 21 1988,igbo,a,virgo,camelopardalis,earth,rock,edmontosaurus
ky1924,keiko,youngberg,f,january 25 1987,hebrew,b,gemini,cepheus,saturn,variety,stegosaurus
ur1580,ulla,resendes,f,february 28 1995,romani,o,virgo,crux,jupiter,romance,pteranodon
gd1702,genae,dall,f,october 24 1998,bashkort,b,taurus,musca,pluto,dance,triceratops
rb1482,railynn,blount,f,may 22 1991,assamese,ab,capricorn,volans,neptune,anime,suchomimus
nc1398,nalan,creighton,m,july 17 1988,hebrew,b,virgo,phoenix,neptune,melodrama,velociraptor
mh1307,marybeth,hoard,f,march 9 1994,tamil,b,scorpio,cassiopeia,neptune,romance,gallimimus
rs1289,royaltii,sanders,f,april 29 1985,xhosa,a,libra,cetus,earth,beauty,velociraptor
eb1632,eylin,beyene,f,april 13 1986,tok_pisin,a,taurus,lacerta,earth,action,kentrosaurus
km1484,kierra,masucci,f,june 8 1985,macedonian,o,sagittarius,aquila,uranus,rock,baryonyx
al1528,aryaan,laszlo,m,june 30 1996,belarusan,o,scorpio,aquila,saturn,culture,gallimimus
cr1438,colston,riffey,m,november 1 1990,yoruba,ab,taurus,lacerta,mercury,beauty,brachiosaurus
te1926,tiffanie,eitel,f,january 2 1992,polish,ab,capricorn,canis,venus,music,triceratops
ls1639,lejend,schuyler,m,december 3 1996,bulgarian,a,libra,indus,earth,historical,brachiosaurus
je1989,jestina,everett,f,february 8 1989,macedonian,ab,virgo,lyra,uranus,culture,apatosaurus
ac1273,alayiah,cormack,f,august 16 1986,dakota,o,capricorn,horologium,neptune,historical,velociraptor
mp1904,michaelangelo,pettyjohn,m,august 4 1990,english,a,virgo,microscopium,neptune,biography,tyrannosaurus_rex
nw1183,nimrat,whelan,f,august 17 1987,jarai,b,capricorn,pegasus,saturn,supernatural,dryosaurus
sl1910,symphany,lyttle,f,august 15 1989,tibetic,b,leo,tucana,saturn,dance,gallimimus
ow1462,oziel,wahl,m,october 11 1994,gikuyu,ab,cancer,eridanus,mercury,romantic_comedy,pteranodon
sw1475,sturgill,wess,m,may 2 1989,portuguese,a,scorpio,antlia,pluto,cooking,triceratops
ik1416,ignacio,kiley,m,december 7 1989,tatar,b,leo,caelum,jupiter,horror,dimorphodon
ag1580,aleeza,gimenez,f,december 3 1998,nepali,a,aquarius,grus,pluto,biography,edmontosaurus
dj1971,dieudonne,jochim,m,january 14 1994,zulu,a,leo,auriga,earth,travel,qianzhousaurus
td1877,tayla,depinto,f,november 4 1990,thai,o,aquarius,indus,mars,romantic_comedy,apatosaurus
eb1974,eldin,brouse,m,february 20 1994,oriya,a,aries,lyra,neptune,fashion,qianzhousaurus
hm1497,hadia,mccourt,f,june 26 1986,turkish,b,pisces,phoenix,uranus,thriller_suspense,microceratus
kc1875,khloei,cope,f,august 7 1987,belarusan,ab,sagittarius,andromeda,mars,romantic_comedy,edmontosaurus
jl1226,jamesson,lomeli,m,july 15 1991,english,b,libra,camelopardalis,pluto,rock,pteranodon
ms1204,milos,stratman,m,november 4 1987,esperanto,a,gemini,carina,mars,dance,edmontosaurus
kk1221,kyann,kakar,f,may 14 1985,warlpiri,a,virgo,draco,jupiter,variety,triceratops
sa1207,sianney,aldaba,f,october 28 1994,hiligaynon,b,leo,ophiuchus,saturn,variety_show,triceratops
lc1588,lynsey,crady,f,march 24 1992,slovak,b,sagittarius,piscis_austrinus,uranus,romance,gallimimus
kf1961,kaymari,finlayson,f,june 3 1989,dari,o,leo,horologium,saturn,action,triceratops
ts1176,tymere,super,m,february 6 1986,czech,a,leo,equuleus,pluto,lifestyle,brachiosaurus
cf1806,caralena,freitag,f,march 6 1994,sindhi,b,libra,draco,mars,travel,apatosaurus
as1653,aayra,selle,f,january 5 1985,gikuyu,b,aries,aquila,neptune,action,suchomimus
ma1539,meara,attaway,f,march 18 1996,igbo,a,capricorn,perseus,earth,horror,mosasaurus
cr1835,carson,reck,m,july 7 1995,welsh,b,capricorn,lupus,pluto,classics,tyrannosaurus_rex
ap1155,avis,petterson,m,january 19 1996,aymara,o,pisces,serpens,venus,beauty,velociraptor
kh1305,kannon,hansel,m,february 19 1998,slovak,b,aquarius,pavo,mercury,political,ankylosaurus
ar1384,avaiyah,ruiz,f,may 14 1990,bengali,a,capricorn,pavo,saturn,beauty,dryosaurus
lc1426,lemond,clute,m,march 27 1988,catalan,o,capricorn,puppis,jupiter,anime,edmontosaurus
ml1562,maurizio,lolley,m,august 22 1985,oriya,b,libra,canes_venatici,mars,travel,triceratops
km999,krishna,mottola,f,october 5 1993,gujarati,ab,capricorn,caelum,mercury,comedy,carnotaurus
rs1210,rein,soma,f,june 25 1998,russian,ab,libra,hydra,neptune,adventure,baryonyx
ay1379,arlena,yeatts,f,october 9 1995,swedish,o,gemini,cassiopeia,neptune,crime_mystery,pteranodon
tb1956,taimur,bachelor,m,march 3 1999,lao,ab,virgo,camelopardalis,mars,variety_show,stegosaurus
ks1879,kadynce,samra,f,december 14 1986,igbo,a,aries,phoenix,uranus,idol,baryonyx
am1372,anne,mahdi,f,may 20 1995,cantonese,ab,capricorn,caelum,mercury,horror,velociraptor
ms1131,morrison,sanderlin,m,october 26 1990,uyghur,o,libra,hydra,earth,drama,velociraptor
rl1962,remiel,loring,f,january 15 1990,shona,ab,capricorn,equuleus,venus,documentary,mosasaurus
kf1102,kimber,fiorello,m,december 17 1998,yiddish,b,libra,hydrus,mercury,historical,stegosaurus
ts1625,timir,sorber,m,may 29 1998,welsh,a,libra,draco,venus,cooking,tyrannosaurus_rex
sr1324,shree,remer,f,january 19 1994,kashmiri,ab,virgo,perseus,neptune,thriller_suspense,indominus_rex
em1731,evey,manlove,f,june 7 1985,bashkort,b,leo,dorado,saturn,biography,stegosaurus
rn1560,rockford,negron,m,october 12 1989,assamese,ab,scorpio,dorado,earth,reality,qianzhousaurus
bh1098,breonna,hammersmith,f,september 5 1988,igbo,ab,cancer,triangulum,uranus,action,ankylosaurus
mm1452,mellow,mulrooney,f,january 10 1991,irish_gaelic,a,aquarius,reticulum,earth,cartoons,pteranodon
bp1592,basim,phan,m,november 15 1997,tajiki,b,aries,leo_minor,uranus,costume_period,pteranodon
eb1858,emmabelle,bassett,f,december 12 1995,bashkort,b,leo,centaurus,neptune,reality,microceratus
fh1175,fredrik,holsey,m,july 13 1990,amharic,ab,gemini,musca,venus,lifestyle,indominus_rex
ns1714,narumi,sines,f,november 26 1995,basque,o,aries,auriga,jupiter,melodrama,kentrosaurus
aw1383,alaiia,wyne,f,july 5 1989,ukrainian,a,gemini,cetus,mercury,variety,triceratops
as1644,adrienne,stillman,m,february 27 1990,telugu,a,pisces,puppis,jupiter,webdrama,gallimimus
bk1902,bryndle,ker,f,august 9 1992,kazakh,b,aquarius,antlia,venus,war,dimorphodon
mp1298,maddilynn,pankow,f,september 22 1987,kurdish,o,taurus,cepheus,saturn,film_noir,spinosaurus
st1874,sireen,tidball,f,august 1 1993,hausa,b,aquarius,microscopium,neptune,cartoons,qianzhousaurus
rp1629,risa,potteiger,f,may 29 1987,swedish,o,taurus,ara,saturn,thriller_suspense,mosasaurus
ah1659,aspen,hazlewood,m,may 24 1998,bamanankan,b,gemini,cetus,mercury,cartoons,indominus_rex
zh1518,zahid,hathcock,m,february 27 1992,aymara,ab,capricorn,tucana,neptune,crime_mystery,edmontosaurus
sj1212,sebastian,jeffcoat,m,march 17 1991,ojibwa,a,taurus,telescopium,earth,beauty,velociraptor
bc1835,britain,czarnik,f,march 24 1996,bamanankan,a,taurus,sagitta,jupiter,dance,nasutoceratops
aa1533,angie,abdalla,f,september 14 1999,cantonese,ab,gemini,aquila,mercury,culture,ankylosaurus
rh1570,ryze,haroldson,m,march 15 1992,romani,b,virgo,equuleus,mercury,romance,dimorphodon
bc1491,bol,condra,m,march 13 1986,bislama,ab,pisces,crux,earth,music,tyrannosaurus_rex
zb1177,zaafir,bodner,m,january 18 1985,slovene,o,capricorn,indus,neptune,beauty,microceratus
jh1557,jabri,hadaway,m,october 23 1996,latin,o,aries,apus,venus,fashion,brachiosaurus
ss1136,shamarr,schlesinger,m,july 5 1986,bashkort,a,leo,pyxis,uranus,webdrama,tyrannosaurus_rex
mm1565,mikko,mutter,m,january 10 1996,italian,a,virgo,pictor,uranus,family_friendly,mosasaurus
ds1345,dion,spera,f,march 3 1987,warlpiri,o,scorpio,serpens,venus,short_films,nasutoceratops
wm1208,whitten,mechling,m,november 14 1994,gikuyu,ab,virgo,telescopium,saturn,romance,dryosaurus
pw1049,paeton,wight,f,july 28 1999,burmese,a,cancer,pegasus,uranus,melodrama,suchomimus
ga1514,gretel,adkisson,f,june 24 1997,cebuano,a,aquarius,reticulum,jupiter,comedy,triceratops
pf1831,peggy,frawley,f,december 5 1986,serbian,ab,virgo,ophiuchus,pluto,anime,brachiosaurus
cr1765,cambria,resendes,f,june 19 1995,dholuo,ab,pisces,hydra,uranus,historical,mosasaurus
lr1578,lillian,rosengren,f,october 9 1989,german,o,taurus,crux,earth,cooking,indominus_rex
kb1881,kohan,boeck,m,may 15 1998,dari,b,aquarius,canis,jupiter,webdrama,indominus_rex
yf1161,yates,fleites,m,november 23 1994,kannada,ab,sagittarius,corvus,mars,anime,mosasaurus
pg1881,pelia,gerard,f,april 25 1986,finnish,b,virgo,volans,mercury,war,tyrannosaurus_rex
cm1625,coryn,monnier,f,february 20 1992,tajiki,o,cancer,pyxis,neptune,entertainment,carnotaurus
mw1564,malin,welp,m,march 8 1992,estonian,b,leo,andromeda,earth,thriller_suspense,dimorphodon
ck1895,chaise,kaplan,m,august 28 1990,tagalog,b,aquarius,pegasus,pluto,webdrama,carnotaurus
ea1460,ebba,axtell,f,august 11 1986,aramaic,ab,capricorn,lyra,uranus,telenovelas,ankylosaurus
vb1938,viridian,blubaugh,m,february 21 1993,aramaic,a,cancer,lupus,pluto,cartoons,pteranodon
at1593,amando,tarlton,m,april 6 1988,macedonian,b,pisces,vulpecula,venus,idol,carnotaurus
gr1683,graden,richey,m,march 5 1991,georgian,ab,taurus,lyra,uranus,film_noir,microceratus
kv1271,kiomy,vis,f,august 5 1993,french,a,capricorn,corvus,pluto,cartoons,dryosaurus
tz1140,tage,zappala,m,march 6 1996,welsh,ab,pisces,coma_berenices,earth,cartoons,spinosaurus
nf1730,nyrie,forti,f,march 18 1987,aramaic,b,aries,chamaeleon,venus,lifestyle,gallimimus
rh1220,rashaad,hagedorn,m,march 24 1990,aymara,a,gemini,hydra,venus,fantasy,suchomimus
om1453,oren,marano,m,september 18 1988,yiddish,a,cancer,orion,mercury,rock,edmontosaurus
sg1152,sekani,grech,m,february 17 1994,portuguese,b,taurus,tucana,saturn,telenovelas,microceratus
sp1100,sunnie,plitt,m,september 20 1992,oromo,ab,gemini,chamaeleon,jupiter,thriller_suspense,suchomimus
tn1648,tyanna,narain,f,march 26 1999,bhojpuri,ab,virgo,perseus,uranus,documentary,microceratus
at1947,ali,tracey,f,july 12 1991,yoruba,b,virgo,grus,uranus,music,pteranodon
jp1124,janelly,phillis,f,july 15 1994,mende,ab,gemini,capricornus,pluto,melodrama,suchomimus
kd1481,kannyn,dao,f,january 14 1994,malagasy,a,libra,ara,venus,comedy,stegosaurus
ag1125,aerie,golson,f,october 14 1993,hindi,a,scorpio,vulpecula,earth,historical,brachiosaurus
sb1641,starlight,bene,f,may 13 1997,armenian,a,scorpio,leo_minor,venus,travel,edmontosaurus
ki1359,keian,ilagan,m,september 5 1989,balochi,ab,libra,phoenix,uranus,film_noir,mosasaurus
dn1142,daoud,nazir,m,march 13 1989,brahui,a,aquarius,circinus,earth,film_noir,dryosaurus
sb1989,sachin,boulos,m,july 23 1992,telugu,b,pisces,aquila,jupiter,horror,baryonyx
rg1173,rece,gaughan,m,january 13 1992,amharic,ab,leo,capricornus,mercury,crime_mystery,mosasaurus
ce1789,chima,eriksson,m,june 7 1993,belarusan,b,taurus,eridanus,uranus,costume_period,dimorphodon
ns1407,nayeliz,sandage,f,july 25 1985,tachelhit,o,cancer,pictor,uranus,family_friendly,dryosaurus
sa1583,shourya,arispe,m,december 8 1990,hebrew,a,cancer,cygnus,saturn,cooking,indominus_rex
ek1604,emberlin,klemp,f,december 25 1996,yoruba,o,leo,corona,mercury,family_friendly,tyrannosaurus_rex
re1504,refugio,edge,m,october 23 1990,slovene,o,gemini,sculptor,jupiter,entertainment,edmontosaurus
vb1427,vihana,bellard,f,january 12 1995,uyghur,o,scorpio,equuleus,mars,beauty,pteranodon
dk1772,derick,kropp,m,may 26 1989,brahui,o,libra,centaurus,pluto,romance,mosasaurus
km1380,kayly,mckissick,f,september 15 1989,thai,ab,taurus,columba,venus,entertainment,triceratops
rh1557,rediet,hills,f,january 4 1995,malay,b,virgo,crater,mercury,variety,brachiosaurus
cb1048,cori,belz,m,december 4 1988,tigrigna,o,pisces,volans,pluto,family_friendly,microceratus
gc1134,gowri,counce,f,november 27 1996,tachelhit,b,capricorn,cetus,mercury,war,nasutoceratops
am1427,aneesa,macken,f,june 30 1989,hindi,b,capricorn,auriga,venus,action,dryosaurus
lo1428,landon,oster,f,september 12 1991,uzbek,ab,aries,andromeda,mercury,crime_mystery,brachiosaurus
jv1577,jersee,vanduyn,f,february 26 1985,guarani,ab,pisces,phoenix,saturn,anime,kentrosaurus
zm1503,zorion,mcneece,m,may 14 1986,telugu,ab,cancer,equuleus,mars,crime_mystery,dimorphodon
at1721,anely,thorpe,f,february 19 1989,sindhi,o,scorpio,cygnus,jupiter,reality,triceratops
tm1127,tyreik,mercure,m,may 6 1998,cebuano,o,aries,serpens,jupiter,classics,pteranodon
ys1246,yoni,sigala,m,november 18 1993,tibetic,ab,capricorn,ara,mars,culture,suchomimus
as1447,amonie,stromer,f,april 15 1989,kazakh,b,virgo,crux,uranus,entertainment,tyrannosaurus_rex
ne1695,navarro,emge,m,july 2 1996,cebuano,ab,pisces,scorpius,mars,rock,dryosaurus
cc1777,carsin,crapps,m,february 16 1986,finnish,ab,leo,ophiuchus,pluto,thriller_suspense,apatosaurus
js1145,jimmie,sharpton,f,september 9 1985,croatian,o,virgo,cygnus,uranus,historical,pteranodon
ms1443,miyu,schomburg,f,may 18 1996,dutch,ab,taurus,pavo,uranus,thriller_suspense,velociraptor
ka1537,kameelah,aubert,f,april 17 1991,bengali,ab,gemini,equuleus,jupiter,war,velociraptor
ks1981,kayelee,sanson,f,february 10 1989,welsh,ab,taurus,cassiopeia,uranus,short_films,pteranodon
ns1105,noir,shehadeh,m,december 26 1993,bashkort,o,taurus,antlia,jupiter,webdrama,kentrosaurus
rm1956,rana,mcgruder,f,december 21 1997,armenian,o,pisces,pegasus,saturn,adventure,pteranodon
ai1316,alyaan,irion,m,february 1 1988,hungarian,ab,capricorn,draco,earth,adventure,indominus_rex
lm1652,levell,mcgurk,m,may 2 1991,french,ab,gemini,gemini,neptune,cooking,edmontosaurus
it1725,idalee,totty,f,december 15 1999,spanish,o,capricorn,triangulum,saturn,political,dryosaurus
aw1556,atreus,waldie,m,march 13 1988,korean,b,cancer,scorpius,jupiter,melodrama,spinosaurus
td1663,theora,dines,f,june 23 1986,oriya,ab,leo,cepheus,venus,variety_show,suchomimus
cn1948,cobain,nickel,m,january 11 1985,mandarin,b,aries,norma,mercury,fantasy,apatosaurus
sp1324,scottie,prothero,f,may 8 1993,bamanankan,b,leo,aquila,venus,romantic_comedy,qianzhousaurus
md1937,madina,diaz,f,december 22 1994,portuguese,a,libra,circinus,mars,drama,stegosaurus
mp1613,malaquias,petruzzi,m,july 22 1997,dari,ab,gemini,equuleus,neptune,thriller_suspense,baryonyx
kt1689,kay,toma,m,august 27 1995,tachelhit,ab,taurus,volans,neptune,sports,pteranodon
nc1849,novani,canizales,f,march 2 1996,quechua,a,gemini,lupus,uranus,sci_fi,brachiosaurus
am1662,atziry,mandeville,f,november 3 1987,kazakh,o,aries,indus,mercury,comedy,kentrosaurus
cs1256,callum,sugarman,m,april 8 1999,lao,o,cancer,carina,neptune,culture,indominus_rex
ju1699,jaleel,uppal,m,february 10 1994,afrikaans,ab,virgo,andromeda,neptune,entertainment,dimorphodon
sb1027,sherlyn,bigelow,f,october 7 1986,sinhala,a,virgo,crux,saturn,thriller_suspense,pteranodon
xc1865,xen,capozzi,m,march 5 1998,arabic,ab,taurus,columba,neptune,film_noir,velociraptor
st1483,steffon,tomas,m,january 7 1999,aramaic,ab,gemini,antlia,saturn,fashion,baryonyx
mp1309,mucad,peifer,m,january 22 1992,greek,o,cancer,grus,jupiter,horror,apatosaurus
kh1001,klanii,hobdy,f,april 24 1986,belarusan,o,aries,apus,uranus,reality,apatosaurus
ek1096,ellyse,kring,f,october 22 1995,yucatec,b,gemini,leo_minor,pluto,beauty,carnotaurus
tb1882,toussaint,bednarski,m,july 22 1993,ukrainian,a,cancer,lynx,mars,thriller_suspense,gallimimus
wc1632,wrenn,cutcher,f,april 4 1996,wolof,ab,gemini,hercules,earth,culture,dryosaurus
kn1273,keni,newhouse,m,june 4 1998,gikuyu,a,aries,phoenix,mercury,webdrama,triceratops
yh1358,yanky,hearne,m,november 28 1985,brahui,ab,taurus,pegasus,pluto,beauty,indominus_rex
bb1438,bennett,bode,m,may 10 1991,macedonian,a,pisces,lynx,pluto,variety_show,dimorphodon
jc1864,jaymes,carruth,m,june 5 1996,sinhala,a,taurus,corona,mercury,adventure,triceratops
ml1503,miliana,lawrence,f,january 18 1998,khoekhoe,a,aquarius,telescopium,venus,sports,pteranodon
jc1208,jaccob,cowdrey,m,october 16 1985,dholuo,o,gemini,auriga,uranus,costume_period,gallimimus
ks1474,kallee,shantz,f,december 7 1991,somali,ab,gemini,serpens,jupiter,documentary,tyrannosaurus_rex
jw1225,josabeth,wolfson,f,may 27 1992,khoekhoe,ab,taurus,dorado,mars,dance,suchomimus
js1582,jadore,setty,m,august 21 1994,portuguese,b,virgo,gemini,earth,family_friendly,gallimimus
aw1347,arie,willard,f,november 1 1985,yoruba,a,capricorn,microscopium,earth,documentary,qianzhousaurus
ab1684,adilynn,balthrop,f,june 11 1996,yakut,ab,taurus,norma,neptune,supernatural,velociraptor
cw1107,cruzito,whitesel,m,june 1 1992,irish_gaelic,o,gemini,pegasus,mercury,drama,qianzhousaurus
bg1431,biannca,gonzalezperez,f,june 27 1994,burmese,o,pisces,ara,jupiter,drama,tyrannosaurus_rex
if1524,isaiyah,formby,m,january 25 1996,afrikaans,ab,capricorn,cassiopeia,venus,travel,mosasaurus
ab1030,abiah,barrientos,m,december 19 1992,azerbaijani,ab,pisces,equuleus,jupiter,melodrama,triceratops
jb1468,jaiyonna,bannon,f,april 18 1985,amharic,a,sagittarius,eridanus,venus,fantasy,stegosaurus
ak1099,aanvi,kothari,f,june 11 1990,french,ab,aquarius,perseus,earth,historical,mosasaurus
rs1935,ryatt,speller,f,october 26 1988,telugu,b,sagittarius,telescopium,venus,idol,triceratops
eq1552,eleonor,quinonez,f,august 6 1987,azerbaijani,b,cancer,sextans,neptune,cartoons,spinosaurus
zs1774,zanaya,stoffel,f,august 26 1991,polish,b,libra,puppis,uranus,fashion,kentrosaurus
tg1453,tehila,gooch,f,october 1 1995,russian,b,leo,lyra,mercury,travel,pteranodon
yf1369,yandel,freyer,m,september 26 1988,uyghur,ab,cancer,triangulum,venus,reality,dimorphodon
lg1646,liara,gaviria,f,november 16 1995,romanian,ab,capricorn,piscis_austrinus,pluto,idol,qianzhousaurus
kr1095,killua,rideau,m,april 12 1994,bosnian,a,virgo,orion,mercury,reality,indominus_rex
ct1222,colleen,tutt,f,december 22 1994,macedonian,o,sagittarius,delphinus,pluto,film_noir,edmontosaurus
lb1004,lamees,bacha,f,april 9 1998,bulgarian,a,aquarius,eridanus,saturn,anime,pteranodon
cr1078,chava,rosado,f,november 10 1989,arabic,ab,scorpio,ursa,uranus,adventure,mosasaurus
cp1946,cainon,padin,m,september 16 1986,oriya,ab,capricorn,antlia,pluto,action,baryonyx
at1859,aspynn,trembley,f,september 6 1986,serbian,a,pisces,norma,earth,reality,microceratus
tc1562,teofilo,corkern,m,september 28 1989,malagasy,ab,scorpio,puppis,mars,dance,pteranodon
dw1517,diona,wilczek,f,april 24 1997,amharic,b,leo,ophiuchus,pluto,romance,mosasaurus
jy1948,jayceion,younis,m,september 8 1994,norwegian,b,virgo,ursa,uranus,idol,pteranodon
as1021,atziri,sabino,f,august 7 1994,somali,ab,capricorn,orion,venus,variety,brachiosaurus
jr1141,jasai,rozeboom,m,june 6 1999,belarusan,ab,aries,hydrus,earth,war,mosasaurus
mn1366,milano,neuman,m,march 25 1986,swedish,a,capricorn,serpens,mercury,fashion,carnotaurus
rb1340,regina,bucklin,f,may 4 1988,korean,b,aries,corona,mercury,travel,tyrannosaurus_rex
dk1959,demetrio,kam,m,october 15 1996,finnish,a,gemini,aquila,jupiter,webdrama,mosasaurus
ks1463,kailin,sehgal,m,february 29 1985,latvian,a,virgo,lynx,mars,melodrama,tyrannosaurus_rex
tl1680,ty,langen,f,june 1 1999,tajiki,b,gemini,hercules,pluto,idol,microceratus
hh1099,harli,hause,f,april 9 1995,ojibwa,a,virgo,piscis_austrinus,mercury,variety_show,baryonyx
nc1859,nakyla,chadbourne,f,july 17 1994,polish,o,aries,auriga,saturn,drama,spinosaurus
bp1871,britani,penman,f,october 29 1994,irish_gaelic,o,aries,scorpius,neptune,comedy,mosasaurus
kf1087,khyzir,furniss,m,april 14 1999,kyrgyz,o,cancer,musca,uranus,telenovelas,stegosaurus
ns1866,nainika,steinhardt,f,february 22 1991,samoan,o,capricorn,lynx,earth,short_films,suchomimus
ys1140,yadrian,schepis,m,march 1 1990,georgian,ab,aquarius,ophiuchus,earth,short_films,pteranodon
cp1104,codi,penning,m,may 21 1986,haitian_creole,b,cancer,delphinus,venus,drama,indominus_rex
dv1278,deleah,vitug,f,april 29 1994,burmese,o,sagittarius,perseus,saturn,fashion,dimorphodon
bh1455,baraka,hashemi,m,october 9 1996,tajiki,ab,sagittarius,octans,venus,romantic_comedy,nasutoceratops
ks1040,keana,steere,f,august 8 1986,english,b,aquarius,canes_venatici,jupiter,cooking,carnotaurus
jh1803,jannie,heap,f,october 5 1994,cherokee,o,libra,grus,pluto,fashion,gallimimus
js1833,jacob,singhal,f,july 30 1988,italian,ab,scorpio,scutum,saturn,romance,qianzhousaurus
mc1423,matea,coalson,f,october 14 1998,telugu,b,capricorn,lupus,venus,romance,microceratus
zr1149,zuriyah,rushlow,f,august 16 1995,mende,o,capricorn,pavo,uranus,drama,microceratus
as1123,annah,summa,f,september 9 1985,burmese,ab,sagittarius,caelum,pluto,telenovelas,pteranodon
ks1930,kaine,sprague,m,may 4 1996,shona,ab,cancer,hercules,pluto,variety,pteranodon
tv1606,tymber,vanderpool,f,january 10 1990,lithuanian,b,scorpio,orion,mars,anime,dryosaurus
ag1042,aimy,gulotta,f,october 23 1989,assamese,b,taurus,columba,saturn,comedy,edmontosaurus
hl1749,husnain,lanter,m,may 9 1985,sindhi,a,taurus,centaurus,jupiter,classics,stegosaurus
lm1138,lianis,monn,f,october 29 1993,nahuatl,a,leo,caelum,earth,war,indominus_rex
ts1788,torrion,stires,m,september 1 1997,spanish,b,aries,coma_berenices,earth,sports,indominus_rex
jn1249,jediael,nahar,m,june 1 1993,norwegian,b,libra,gemini,earth,sports,spinosaurus
cm1261,cortland,merlo,m,september 25 1999,azerbaijani,o,taurus,musca,mars,war,baryonyx
at1913,annaley,teichman,f,november 5 1995,tigrigna,ab,pisces,equuleus,mercury,music,dryosaurus
ja1798,jedidiah,akter,m,may 6 1987,czech,a,scorpio,mensa,uranus,crime_mystery,qianzhousaurus
ec1765,eloisa,conigliaro,f,may 24 1994,tatar,ab,sagittarius,cassiopeia,uranus,culture,mosasaurus
dd1898,darlyn,deihl,m,september 23 1990,nepali,a,pisces,lacerta,venus,historical,tyrannosaurus_rex
la1961,leen,anchondo,f,february 16 1988,bislama,o,aquarius,hydrus,earth,film_noir,edmontosaurus
ps1669,pratyush,skelton,m,december 10 1989,tok_pisin,ab,taurus,musca,mars,variety,dryosaurus
vs1522,vanelope,sabourin,f,october 22 1991,bosnian,b,taurus,equuleus,uranus,romance,ankylosaurus
zm1909,zakary,mccandless,m,november 19 1994,basque,b,sagittarius,leo_minor,jupiter,idol,stegosaurus
mc1335,malaysha,croucher,f,may 4 1996,kazakh,b,aquarius,equuleus,pluto,drama,kentrosaurus
ia1745,iskender,amesquita,m,may 19 1985,esperanto,o,sagittarius,norma,mercury,sports,pteranodon
ks1338,konrad,schadt,m,may 10 1995,basque,ab,pisces,horologium,neptune,action,gallimimus
ms1440,md,serino,m,february 24 1986,gikuyu,o,virgo,piscis_austrinus,neptune,documentary,pteranodon
ak1352,ariat,kelsay,f,february 26 1987,haitian_creole,o,libra,sextans,venus,historical,pteranodon
rd1908,ralph,darrough,m,november 8 1997,english,a,aries,lupus,venus,melodrama,kentrosaurus
dh1386,daire,homa,m,june 5 1990,maithili,a,cancer,reticulum,mercury,rock,tyrannosaurus_rex
oe1367,onesimus,egbert,m,march 13 1987,oriya,a,taurus,ursa,uranus,horror,kentrosaurus
qh1850,quincie,honn,f,april 20 1985,warlpiri,ab,taurus,auriga,jupiter,travel,brachiosaurus
gf1330,gwyndolyn,folino,f,september 12 1993,czech,b,pisces,lyra,neptune,telenovelas,suchomimus
kb1669,kadin,bordner,m,april 21 1992,hiligaynon,a,pisces,serpens,jupiter,biography,tyrannosaurus_rex
as1973,australia,seamans,f,september 7 1994,malay,ab,cancer,sextans,earth,travel,dryosaurus
af1609,ademir,farran,m,october 11 1994,latvian,b,scorpio,crux,mars,cooking,ankylosaurus
as1745,abdulahi,slaven,m,july 13 1986,samoan,ab,libra,auriga,saturn,travel,tyrannosaurus_rex
je1733,jasiyah,emerick,f,january 5 1988,nahuatl,o,scorpio,lupus,earth,horror,apatosaurus
ik1903,ismail,kalin,m,november 11 1987,mongolian,ab,gemini,monoceros,jupiter,crime_mystery,baryonyx
ew1551,ever,wolpert,m,november 18 1993,oromo,o,taurus,fornax,earth,supernatural,pteranodon
ch1554,celise,hyman,f,april 17 1994,tigrigna,a,virgo,lacerta,jupiter,reality,suchomimus
am1730,aviannah,mumma,f,january 27 1986,brahui,a,sagittarius,corvus,neptune,music,edmontosaurus
kb1640,kadee,benkert,f,october 19 1990,german,a,libra,vulpecula,mars,drama,triceratops
jz1776,jessi,zara,f,june 4 1997,afrikaans,a,cancer,horologium,jupiter,documentary,velociraptor
kf1019,kassia,fleischer,f,february 9 1989,albanian,b,pisces,microscopium,mars,lifestyle,microceratus
pt1753,pax,tellier,m,august 23 1995,kannada,ab,virgo,centaurus,venus,horror,microceratus
ks1962,kellyn,sheller,m,august 22 1995,latvian,ab,libra,carina,earth,horror,brachiosaurus
lm1700,layali,mckelvey,f,november 9 1993,swedish,b,pisces,scutum,neptune,melodrama,apatosaurus
qm1657,quinnlan,matte,m,february 1 1991,azerbaijani,o,aries,sextans,pluto,romance,stegosaurus
kj1492,kellen,janusz,f,july 28 1996,latvian,b,pisces,camelopardalis,neptune,idol,dryosaurus
md1776,mauzi,degrazia,m,may 11 1997,somali,ab,taurus,scutum,earth,short_films,velociraptor
rg1340,rameen,gram,f,december 9 1995,tachelhit,b,aries,musca,earth,beauty,triceratops
dt1742,derez,tennant,m,october 10 1996,tagalog,b,aries,serpens,jupiter,drama,baryonyx
tm1780,tasman,mallari,m,february 27 1986,xhosa,a,scorpio,eridanus,pluto,melodrama,carnotaurus
ch1922,cristopher,henton,m,february 8 1986,hawaiian,b,sagittarius,phoenix,saturn,historical,carnotaurus
tk1624,tlaloc,kammerer,m,august 4 1997,dholuo,o,aquarius,hydrus,mars,culture,spinosaurus
br1572,beckhem,robison,m,may 25 1986,mandarin,ab,leo,corvus,saturn,costume_period,spinosaurus
dl1134,dawson,lafleur,m,march 25 1992,bulgarian,ab,virgo,pyxis,jupiter,political,spinosaurus
mm1521,mareli,melgarejo,f,august 2 1987,georgian,ab,gemini,crater,uranus,travel,qianzhousaurus
dd1055,delyla,duclos,f,november 17 1985,zapotec,ab,pisces,ursa,jupiter,independent,carnotaurus
br1232,bronco,ripp,m,december 13 1995,ojibwa,o,pisces,ophiuchus,uranus,romance,triceratops
dm1235,daniyah,mauzy,f,december 28 1987,dari,o,aquarius,puppis,uranus,dance,gallimimus
lm1443,leonel,mccluney,m,june 29 1987,inuit,o,virgo,piscis_austrinus,jupiter,idol,baryonyx
gs1179,gregory,sultan,m,march 17 1986,inuit,a,aries,pyxis,earth,crime_mystery,brachiosaurus
mf1212,montell,fountaine,m,march 8 1994,mongolian,b,aries,lacerta,jupiter,sci_fi,nasutoceratops
sk1094,shaylie,khalid,f,december 8 1990,english,ab,leo,volans,mercury,adventure,microceratus
yl1361,yurem,lopezlopez,m,september 28 1994,vietnamese,o,capricorn,musca,neptune,cooking,spinosaurus
lc1197,lamontae,cantarero,m,july 23 1988,vietnamese,b,capricorn,lepus,earth,idol,qianzhousaurus
rc1012,rondell,chasse,m,april 9 1987,khmer,b,virgo,vela,pluto,entertainment,ankylosaurus
ac1903,arhaan,chittenden,m,november 4 1998,kashmiri,b,aquarius,telescopium,neptune,romance,mosasaurus
md1654,mirabella,dalman,f,may 20 1991,navajo,ab,cancer,reticulum,jupiter,variety,mosasaurus
nj1442,nali,janvier,f,june 12 1994,slovak,o,cancer,andromeda,neptune,independent,baryonyx
jl1191,jamison,linke,m,august 13 1986,kabyle,b,sagittarius,scorpius,mercury,romantic_comedy,nasutoceratops
lf1233,liyah,feliciano,f,december 27 1985,russian,o,aries,canis,venus,sports,apatosaurus
cs1191,cyson,shorb,m,april 20 1989,bhojpuri,ab,virgo,microscopium,neptune,travel,apatosaurus
eb1257,esperance,benko,f,march 7 1986,czech,ab,libra,vela,earth,cooking,dryosaurus
jg1620,jailyne,grossnickle,f,june 14 1997,aramaic,b,leo,hydra,uranus,culture,mosasaurus
kf1294,kaydin,fenton,f,march 11 1988,hungarian,o,libra,canis,mercury,crime_mystery,pteranodon
kr1632,keltie,rye,f,july 14 1999,lingala,ab,virgo,ophiuchus,jupiter,anime,suchomimus
ak1222,annelyse,kue,f,june 5 1985,esperanto,a,sagittarius,cetus,pluto,rock,carnotaurus
mb1929,maccabee,bea,m,october 21 1994,german,ab,leo,fornax,earth,travel,ankylosaurus
mc1351,marcel,cintron,m,november 28 1994,khoekhoe,a,cancer,musca,mercury,fashion,qianzhousaurus
ks1490,kahmir,standifer,m,march 20 1994,bamanankan,a,capricorn,cetus,venus,costume_period,mosasaurus
as1382,aaren,shives,m,february 16 1999,azerbaijani,a,taurus,auriga,uranus,family_friendly,pteranodon
jh1757,jotham,hicklin,m,may 22 1991,mongolian,o,taurus,columba,mercury,dance,pteranodon
ac1214,alara,calabro,f,september 25 1996,persian,b,virgo,indus,earth,beauty,spinosaurus
ap1574,arohi,peffer,f,july 7 1985,uyghur,o,gemini,orion,pluto,sci_fi,baryonyx
jr1665,jahri,rhode,m,february 18 1999,bhojpuri,a,cancer,circinus,venus,political,apatosaurus
aa1885,ahmeen,ardis,m,november 19 1991,mongolian,b,leo,grus,neptune,sports,qianzhousaurus
yb1293,ynez,bortner,f,november 6 1995,guarani,a,aquarius,equuleus,venus,thriller_suspense,baryonyx
fh1401,foday,hagerman,m,may 15 1986,lingala,b,pisces,cygnus,uranus,entertainment,brachiosaurus
ac1542,aine,cadenas,f,september 12 1986,greek,ab,gemini,eridanus,venus,adventure,microceratus
ts1227,tatumn,spangler,f,july 21 1996,bosnian,b,scorpio,musca,saturn,classics,nasutoceratops
ea1719,eliz,astin,f,january 18 1993,latvian,a,scorpio,norma,pluto,war,dryosaurus
jl1496,joriel,levis,m,december 5 1999,samoan,b,virgo,octans,neptune,drama,pteranodon
zo1653,zebulun,owings,m,may 25 1989,hausa,a,pisces,reticulum,neptune,crime_mystery,velociraptor
jt1483,jarion,tennis,m,november 10 1989,azerbaijani,b,cancer,orion,pluto,adventure,kentrosaurus
jl1337,jayana,lemoine,f,february 3 1999,russian,ab,aquarius,reticulum,neptune,family_friendly,indominus_rex
sd1943,steeley,destefano,f,may 28 1994,rwanda,o,aries,apus,jupiter,action,kentrosaurus
ph1415,praise,hartzog,m,june 25 1989,tok_pisin,b,taurus,delphinus,venus,dance,edmontosaurus
jk1000,jozlyn,kronenberg,f,november 30 1999,italian,a,leo,pyxis,saturn,historical,indominus_rex
as1456,arshawn,stufflebeam,m,october 24 1999,tachelhit,a,taurus,corona,venus,anime,suchomimus
da1550,diosa,alessandro,f,july 9 1989,yucatec,b,scorpio,lepus,neptune,classics,suchomimus
eb1419,eliano,bley,m,september 30 1990,bhojpuri,ab,leo,scorpius,jupiter,fashion,carnotaurus
re1332,rigel,ekman,m,february 26 1996,gikuyu,b,virgo,centaurus,pluto,cartoons,baryonyx
ee1904,elroi,ehrlich,f,august 27 1985,dakota,o,leo,leo_minor,venus,documentary,ankylosaurus
gk1032,greg,kilbane,m,february 22 1992,shona,b,scorpio,volans,pluto,horror,microceratus
tb1877,tashawn,buehler,m,november 20 1990,uyghur,b,aries,telescopium,venus,variety_show,microceratus
ao1906,anton,olea,m,november 12 1986,uyghur,o,libra,vulpecula,mercury,documentary,triceratops
jt1243,jezebell,tea,f,january 17 1986,xhosa,a,aquarius,hydrus,earth,war,qianzhousaurus
ab1950,azil,bracey,m,december 5 1988,turkmen,o,taurus,ara,venus,costume_period,apatosaurus
ew1047,esthela,wrobel,f,july 13 1997,arabic,a,capricorn,andromeda,pluto,variety_show,gallimimus
ct1224,chinedum,thoreson,m,may 20 1999,hawaiian,o,sagittarius,lupus,venus,crime_mystery,velociraptor
db1533,demyan,beiler,m,april 28 1985,croatian,a,aquarius,ursa,pluto,cartoons,suchomimus
kh1329,kelilah,hinshaw,f,april 3 1998,mende,a,gemini,canis,earth,family_friendly,velociraptor
lg1164,lauran,gudino,f,april 30 1993,xhosa,o,libra,hydrus,saturn,cartoons,pteranodon
km1558,kimon,merritt,m,july 18 1993,nepali,a,sagittarius,lynx,uranus,romantic_comedy,edmontosaurus
ab1217,azaria,bisson,m,september 20 1996,ukrainian,o,scorpio,sculptor,uranus,culture,microceratus
rf1851,rylynn,farwell,m,june 5 1988,belarusan,a,leo,horologium,neptune,culture,ankylosaurus
fr1422,francisca,reusch,f,february 6 1987,russian,o,taurus,crux,uranus,drama,dryosaurus
mm1111,miyako,macgregor,f,november 19 1987,persian,b,gemini,pegasus,jupiter,costume_period,qianzhousaurus
fc1078,fennec,clementi,m,june 17 1987,esperanto,o,aries,pictor,earth,entertainment,dimorphodon
as1435,adyant,seaton,m,february 7 1986,gikuyu,o,libra,crater,neptune,telenovelas,nasutoceratops
ra1406,ruhani,amaro,f,december 26 1994,dholuo,ab,sagittarius,andromeda,pluto,horror,spinosaurus
zl1166,zahmere,lorden,m,november 17 1993,khmer,b,taurus,leo_minor,saturn,classics,kentrosaurus
ms1926,mystery,silverstein,f,june 15 1989,georgian,o,taurus,draco,mercury,beauty,baryonyx
ar1922,avyn,rogel,f,december 13 1988,amharic,ab,leo,cygnus,pluto,historical,velociraptor
om1759,ohemaa,mcnees,f,august 14 1993,indonesian,o,pisces,pictor,mars,political,qianzhousaurus
mg1920,mavery,glosson,f,march 28 1998,quechua,ab,aquarius,draco,saturn,family_friendly,tyrannosaurus_rex
as1071,aryion,slim,m,june 28 1988,czech,ab,virgo,hydrus,pluto,adventure,pteranodon
cf1921,cierra,fipps,f,may 24 1989,dholuo,a,virgo,lacerta,saturn,crime_mystery,pteranodon
as1311,anael,springstead,f,november 25 1996,kannada,b,sagittarius,hercules,mars,idol,velociraptor
as1923,azim,sinkfield,m,december 21 1996,mandarin,o,libra,serpens,saturn,sports,triceratops
zz1162,zandre,zweifel,m,september 4 1996,dutch,o,libra,ara,venus,variety_show,microceratus
hl1601,harman,loop,m,march 10 1994,swedish,o,aquarius,carina,jupiter,lifestyle,nasutoceratops
fd1465,fysher,derby,m,january 5 1986,pashto,o,leo,ara,neptune,adventure,dimorphodon
jv1728,jazara,villeda,f,september 22 1999,khoekhoe,b,taurus,indus,pluto,cooking,gallimimus
id1693,iviona,dillehay,f,december 4 1990,swahili,ab,virgo,ophiuchus,saturn,sci_fi,pteranodon
sg1981,soleil,garris,f,february 17 1990,maithili,ab,pisces,ophiuchus,uranus,melodrama,mosasaurus
jj1188,jaci,jaye,f,july 4 1986,chechen,o,aquarius,musca,uranus,romance,pteranodon
js1618,jakia,slinker,f,january 23 1991,mende,a,capricorn,corvus,uranus,documentary,edmontosaurus
eo1483,emryk,omara,m,november 22 1987,assamese,a,scorpio,delphinus,venus,crime_mystery,indominus_rex
cb1490,chaseton,brodt,m,july 19 1991,mandarin,ab,scorpio,telescopium,saturn,webdrama,spinosaurus
ck1756,cami,ketelsen,f,october 29 1993,slovene,b,aries,eridanus,mercury,romantic_comedy,stegosaurus
fb1729,fenley,bailes,m,march 9 1989,marathi,o,virgo,puppis,mars,independent,kentrosaurus
tk1443,tank,kunzler,m,may 24 1987,inuit,ab,gemini,ophiuchus,venus,beauty,suchomimus
ov1053,obie,voisin,m,june 15 1991,portuguese,ab,taurus,auriga,earth,fantasy,ankylosaurus
rp1935,rosanne,pesqueira,f,december 22 1999,gujarati,a,aquarius,scutum,venus,drama,gallimimus
ak1063,adrina,kolman,f,july 3 1987,bashkort,ab,libra,pavo,earth,action,kentrosaurus
kg1896,katerine,gillian,f,february 23 1985,nahuatl,a,pisces,monoceros,earth,variety_show,ankylosaurus
ap1264,azarah,pichon,f,october 17 1995,warlpiri,o,sagittarius,draco,earth,rock,triceratops
jt1738,jullianna,trupiano,f,september 3 1998,samoan,a,taurus,cetus,pluto,independent,stegosaurus
kc1388,kelian,cerone,m,july 12 1997,bengali,ab,sagittarius,cassiopeia,saturn,short_films,pteranodon
dt1373,daxten,turnmire,m,august 28 1994,tajiki,b,capricorn,musca,neptune,short_films,baryonyx
hw1206,hera,waheed,f,january 23 1992,tatar,ab,aries,horologium,venus,short_films,kentrosaurus
jg1195,jovaniel,gourley,m,september 16 1997,english,b,libra,centaurus,neptune,action,stegosaurus
tl1921,tel,lauren,m,december 7 1987,english,ab,libra,gemini,earth,documentary,dryosaurus
be1215,berl,eatmon,m,february 11 1999,cherokee,ab,leo,pegasus,mercury,telenovelas,stegosaurus
le1048,lovell,englund,m,january 8 1985,nepali,o,pisces,sculptor,earth,romance,stegosaurus
an1057,anarah,ndiaye,f,february 4 1986,danish,o,aries,hydra,earth,beauty,tyrannosaurus_rex
gm1425,gracee,mcdermott,f,september 11 1988,korean,o,libra,reticulum,pluto,travel,pteranodon
ko1155,kadrian,ota,m,november 16 1988,slovene,a,sagittarius,crater,mars,cooking,stegosaurus
tt1185,tarek,turgeon,m,july 29 1993,tok_pisin,b,taurus,hydrus,uranus,webdrama,pteranodon
ah1413,aiylah,hansberry,f,june 2 1993,igbo,o,capricorn,scorpius,mercury,culture,carnotaurus
sm1067,sada,mungia,f,june 23 1989,korean,ab,sagittarius,canis,saturn,action,brachiosaurus
aa1066,antavious,allaire,m,february 29 1987,afrikaans,a,taurus,vulpecula,neptune,fantasy,triceratops
bh1372,bryland,honore,m,march 7 1995,kyrgyz,ab,scorpio,lyra,neptune,culture,indominus_rex
id1800,izen,deltoro,m,november 11 1994,inuit,a,pisces,capricornus,uranus,telenovelas,ankylosaurus
jr1122,jiren,rivera,m,march 10 1995,aymara,b,cancer,lacerta,neptune,cooking,velociraptor
lr1343,lisandro,rubalcava,m,february 20 1994,yoruba,ab,libra,pyxis,earth,fashion,gallimimus
vc1667,vaughn,castiglione,f,november 23 1992,kazakh,ab,scorpio,indus,pluto,fantasy,dryosaurus
kh1527,kyla,hermida,f,september 1 1990,sinhala,o,aquarius,scorpius,neptune,independent,dimorphodon
kl1844,kalleb,lazarus,m,december 30 1990,hungarian,o,pisces,coma_berenices,earth,variety_show,gallimimus
ah1053,avigdor,hurston,m,february 1 1991,indonesian,ab,libra,telescopium,jupiter,crime_mystery,spinosaurus
cp1410,caleigh,pettitt,f,october 13 1995,arabic,a,virgo,perseus,mars,music,carnotaurus
ac1379,aum,cady,m,may 27 1999,irish_gaelic,o,scorpio,centaurus,earth,telenovelas,pteranodon
ch1889,camerin,hurt,m,october 15 1999,croatian,b,gemini,chamaeleon,uranus,documentary,stegosaurus
gb1910,gitel,baughn,f,january 5 1999,balochi,ab,scorpio,cetus,venus,film_noir,ankylosaurus
aa1338,avionna,aros,f,april 16 1987,malagasy,a,leo,corvus,jupiter,fantasy,microceratus
lh1142,lunarose,hanke,f,november 9 1999,dutch,o,aries,carina,neptune,cartoons,kentrosaurus
ai1752,aiana,ivory,f,october 17 1999,cebuano,ab,aquarius,pyxis,pluto,war,stegosaurus
yd1271,yuleni,dehaven,f,december 5 1989,malay,b,aquarius,corona,neptune,romance,apatosaurus
af1151,areina,flett,f,november 29 1996,norwegian,o,libra,lacerta,jupiter,travel,nasutoceratops
df1111,drue,fleenor,m,october 10 1998,rwanda,o,capricorn,grus,pluto,rock,microceratus
jb1388,jailanee,balladares,f,july 9 1988,bhojpuri,o,pisces,piscis_austrinus,mars,horror,indominus_rex
am1224,aleisa,maughan,f,february 9 1986,tatar,o,leo,pyxis,venus,fashion,kentrosaurus
af1265,adeleine,forest,f,june 26 1986,persian,b,cancer,sextans,neptune,family_friendly,indominus_rex
bp1521,brittney,polzin,f,may 11 1989,xhosa,b,aquarius,andromeda,jupiter,historical,pteranodon
kw1668,kyrielle,waddy,f,october 23 1999,haitian_creole,b,pisces,monoceros,pluto,travel,nasutoceratops
dm1763,devonte,marcella,m,october 2 1998,finnish,ab,sagittarius,coma_berenices,jupiter,cartoons,indominus_rex
wb1359,waylen,bayer,f,april 2 1997,tigrigna,b,scorpio,crater,earth,independent,stegosaurus
kw1961,keeley,whitney,f,december 5 1993,khoekhoe,o,aquarius,crater,neptune,film_noir,spinosaurus
jp1112,jurnee,proehl,f,october 23 1993,cantonese,a,leo,hydra,mars,romance,kentrosaurus
gs1793,griffin,sylvain,f,july 14 1989,romani,b,aquarius,coma_berenices,saturn,anime,brachiosaurus
pf1628,pharrah,folan,f,july 2 1994,kazakh,b,gemini,pegasus,neptune,fashion,spinosaurus
ap1498,ahraya,potts,f,september 6 1985,yiddish,b,sagittarius,camelopardalis,pluto,supernatural,dryosaurus
bs1164,brynn,starns,m,october 26 1987,romanian,a,virgo,musca,mars,rock,stegosaurus
sb1387,skii,bunk,f,february 12 1997,mende,o,capricorn,sculptor,mars,cooking,brachiosaurus
al1903,ajeet,liriano,m,june 20 1997,burmese,a,cancer,pegasus,earth,beauty,triceratops
aa1515,avyay,avery,m,november 18 1999,tibetic,ab,capricorn,grus,uranus,telenovelas,suchomimus
md1840,manasseh,dockins,m,may 19 1989,guarani,a,capricorn,monoceros,neptune,lifestyle,pteranodon
bf1823,brigit,falkenberg,f,may 27 1997,swahili,ab,libra,corona,pluto,telenovelas,carnotaurus
cl1796,cheston,lapinski,m,may 18 1987,somali,ab,capricorn,mensa,uranus,entertainment,dimorphodon
db1120,desmond,brimm,m,june 29 1999,gikuyu,b,gemini,crux,mars,rock,suchomimus
hc1982,holsten,copenhaver,m,august 19 1991,yiddish,ab,libra,hydrus,neptune,dance,brachiosaurus
rc1352,royel,chrzanowski,m,june 28 1997,bosnian,o,cancer,octans,venus,beauty,gallimimus
kb1163,kyleigh,butterbaugh,f,august 27 1997,kyrgyz,a,pisces,delphinus,pluto,beauty,kentrosaurus
hb1081,haifa,brandy,f,august 15 1988,cebuano,ab,aquarius,columba,mars,cooking,pteranodon
if1633,iven,forbush,m,june 2 1998,chechen,o,pisces,carina,neptune,cooking,suchomimus
ea1243,ellianna,artrip,f,april 20 1997,tok_pisin,b,pisces,piscis_austrinus,earth,drama,spinosaurus
nm1131,nene,mcnew,f,may 13 1987,kazakh,ab,sagittarius,vulpecula,earth,independent,gallimimus
tc1598,trajan,crowe,m,december 7 1987,catalan,o,sagittarius,ara,pluto,music,gallimimus
ym1455,yael,massie,m,march 24 1989,khoekhoe,o,cancer,lepus,uranus,family_friendly,brachiosaurus
og1854,osborne,grubb,m,december 17 1995,hawaiian,o,libra,piscis_austrinus,earth,cooking,mosasaurus
sb1385,sonoma,brammer,f,december 6 1993,spanish,ab,leo,corona,saturn,sci_fi,tyrannosaurus_rex
eh1355,eveanna,hacking,f,july 9 1994,bosnian,b,taurus,chamaeleon,saturn,sci_fi,gallimimus
dv1613,daleon,varvel,m,january 23 1990,kabyle,o,aquarius,lepus,pluto,sci_fi,nasutoceratops
me1928,mayceon,ebeling,m,august 22 1987,sanskrit,b,cancer,capricornus,earth,lifestyle,tyrannosaurus_rex
mr1788,mawa,rufus,f,july 19 1998,mandarin,ab,libra,musca,venus,drama,brachiosaurus
kc1640,kyia,copper,f,september 22 1988,vietnamese,a,aries,canis,saturn,cooking,tyrannosaurus_rex
nb1976,novalynn,bettinger,f,july 23 1991,kannada,o,capricorn,equuleus,neptune,beauty,triceratops
vl1877,vyncent,longo,m,september 19 1989,bashkort,o,sagittarius,phoenix,mercury,political,velociraptor
ee1272,ellery,egbert,f,september 17 1994,turkish,o,sagittarius,triangulum,jupiter,rock,tyrannosaurus_rex
sz1778,somaya,zakrzewski,f,september 28 1992,indonesian,ab,scorpio,canes_venatici,mercury,romantic_comedy,nasutoceratops
ng1776,nialah,goggans,f,august 26 1990,sinhala,b,aries,pyxis,jupiter,historical,microceratus
wa1352,westlynn,agyemang,f,august 23 1999,romanian,o,scorpio,pegasus,neptune,reality,kentrosaurus
ad1917,aliyanah,deen,f,january 14 1997,malagasy,b,libra,antlia,venus,action,suchomimus
ns1237,nixon,souther,f,february 20 1985,slovak,o,gemini,eridanus,uranus,horror,triceratops
cp1392,chioma,pater,f,february 21 1992,oriya,a,gemini,coma_berenices,jupiter,horror,velociraptor
kc1670,khyli,cardarelli,f,september 2 1993,oromo,o,leo,cepheus,pluto,cartoons,pteranodon
hr1124,harshith,ritch,m,january 8 1997,turkmen,o,gemini,puppis,venus,reality,qianzhousaurus
rr1278,ronan,rakowski,m,april 10 1999,vietnamese,o,taurus,coma_berenices,earth,idol,baryonyx
kc1063,khole,corbell,f,february 29 1993,russian,ab,sagittarius,lyra,uranus,music,nasutoceratops
ng1643,naviah,gardener,f,august 12 1993,igbo,a,capricorn,capricornus,pluto,anime,edmontosaurus
vs1473,valli,scurry,f,june 3 1990,yiddish,a,aquarius,antlia,earth,variety_show,carnotaurus
gf1916,gwendolyne,frangos,f,february 24 1991,mongolian,a,gemini,scutum,earth,classics,spinosaurus
as1931,allison,storlie,f,january 5 1993,ukrainian,b,aries,mensa,venus,fashion,nasutoceratops
kc1810,khyng,caiazzo,m,january 30 1988,oriya,a,aries,orion,venus,reality,dimorphodon
gs1191,gaines,sarver,m,april 7 1992,norwegian,a,cancer,pegasus,venus,reality,microceratus
bm1014,brysten,mallon,m,february 13 1989,polish,o,aquarius,octans,mars,film_noir,dryosaurus
tt1757,taelor,tidmore,f,june 12 1985,malayalam,ab,sagittarius,pavo,mars,telenovelas,ankylosaurus
af1330,aissatou,ferra,f,june 13 1991,amharic,a,virgo,aquila,pluto,telenovelas,qianzhousaurus
ek1132,ernesto,kus,m,july 28 1985,dutch,a,capricorn,scutum,venus,political,indominus_rex
aj1958,analicia,jobin,f,may 19 1986,danish,o,sagittarius,chamaeleon,mars,family_friendly,nasutoceratops
tb1113,tino,bitner,m,july 6 1990,lao,o,gemini,reticulum,jupiter,variety_show,mosasaurus
tc1903,tyrael,cali,m,july 15 1986,lao,ab,libra,delphinus,saturn,supernatural,baryonyx
ah1912,aarunya,herrman,f,august 20 1993,xhosa,ab,virgo,eridanus,pluto,cartoons,carnotaurus
ek1686,euphemia,kill,f,may 9 1991,latin,b,pisces,serpens,mars,cooking,microceratus
al1393,armanii,lafollette,f,october 19 1994,aramaic,o,scorpio,sextans,uranus,rock,carnotaurus
rw1604,renee,wissinger,f,october 9 1990,chechen,ab,libra,pegasus,uranus,documentary,mosasaurus
ok1028,orlin,koh,m,october 21 1992,aymara,a,gemini,hercules,saturn,sci_fi,qianzhousaurus
aa1088,aous,aspinall,m,march 6 1999,french,a,leo,pavo,pluto,crime_mystery,gallimimus
lp1681,legaciee,puig,f,november 1 1999,pashto,ab,aquarius,pictor,pluto,documentary,pteranodon
zm1421,zyan,mijangos,m,january 22 1985,basque,o,cancer,telescopium,saturn,war,pteranodon
dc1029,dasean,cid,m,october 9 1999,latin,o,cancer,puppis,saturn,costume_period,triceratops
ap1849,ara,philbrook,f,april 19 1986,yiddish,a,aquarius,crater,mars,entertainment,dimorphodon
va1714,veena,arcia,f,may 13 1987,inuit,o,capricorn,pyxis,jupiter,biography,carnotaurus
cl1303,carmen,leight,f,february 17 1991,dakota,a,aries,chamaeleon,jupiter,short_films,dimorphodon
ye1877,yashua,eaker,m,august 30 1989,dari,ab,cancer,equuleus,uranus,cooking,microceratus
nd1909,namia,desisto,f,june 17 1991,navajo,o,sagittarius,draco,neptune,political,spinosaurus
ms1570,madhav,shrestha,m,august 4 1996,yakut,b,leo,cygnus,uranus,rock,ankylosaurus
kd1661,kameryn,demonte,f,december 15 1995,romanian,b,sagittarius,canes_venatici,mars,war,edmontosaurus
dm1938,denari,mclees,m,july 4 1990,sinhala,o,taurus,cassiopeia,jupiter,music,dimorphodon
lh1370,luzmarie,hardy,f,april 29 1991,rwanda,o,pisces,eridanus,earth,historical,baryonyx
af1556,ayslin,fedak,f,october 11 1993,albanian,a,aquarius,cassiopeia,jupiter,drama,edmontosaurus
lr1041,luxley,romberg,f,march 10 1996,tibetic,ab,scorpio,lacerta,pluto,sports,apatosaurus
em1323,emmie,maxim,f,february 11 1993,icelandic,o,scorpio,tucana,pluto,telenovelas,carnotaurus
ns1229,nayrobi,sailors,f,august 2 1990,vietnamese,b,leo,leo_minor,jupiter,film_noir,mosasaurus
ot1047,osian,temme,m,november 25 1993,hiligaynon,a,gemini,lupus,neptune,sci_fi,brachiosaurus
me1378,markai,entwistle,m,november 1 1995,japanese,b,taurus,corvus,pluto,anime,pteranodon
dk1668,dylam,kellams,m,march 16 1997,bengali,b,leo,cassiopeia,neptune,variety_show,dimorphodon
tc1696,tawhid,coll,m,july 30 1999,swahili,o,scorpio,lacerta,neptune,horror,mosasaurus
lb1179,lauro,belk,m,november 7 1985,tajiki,a,cancer,horologium,jupiter,dance,triceratops
jm1416,jayona,mccarroll,f,february 4 1994,hawaiian,b,leo,lyra,neptune,webdrama,pteranodon
ah1599,armella,hittle,f,july 20 1992,georgian,b,sagittarius,lacerta,mercury,adventure,microceratus
md1951,maxximus,delosreyes,m,february 28 1995,french,o,libra,corona,mars,telenovelas,kentrosaurus
cl1520,caelin,laredo,m,march 5 1987,kashmiri,o,virgo,perseus,neptune,classics,tyrannosaurus_rex
kl1044,kavari,leight,m,january 13 1994,lithuanian,o,sagittarius,piscis_austrinus,mercury,thriller_suspense,qianzhousaurus
bm1003,bobbi,meriweather,f,february 28 1992,kyrgyz,ab,aquarius,ophiuchus,neptune,family_friendly,pteranodon
yh1996,yoniel,huo,m,july 1 1985,turkmen,o,aries,volans,neptune,independent,triceratops
sr1868,sarvani,ronco,f,november 4 1995,albanian,a,virgo,caelum,venus,anime,dryosaurus
ns1611,nate,schenck,m,december 8 1988,bosnian,ab,scorpio,cassiopeia,pluto,rock,velociraptor
mg1445,melodey,gorsuch,f,february 16 1998,spanish,b,taurus,perseus,jupiter,action,mosasaurus
dh1722,dameir,hauschild,m,november 13 1989,azerbaijani,b,taurus,leo_minor,mercury,culture,ankylosaurus
jl1937,jayson,lemonds,m,january 25 1999,kannada,ab,cancer,cassiopeia,mercury,sci_fi,brachiosaurus
zs1550,zuriel,seppala,f,july 28 1994,basque,b,leo,orion,neptune,war,dimorphodon
pm1320,priyana,mcgahan,f,october 4 1988,punjabi,b,aries,antlia,pluto,sci_fi,suchomimus
jd1410,jesiah,delva,m,april 17 1985,kabyle,b,aries,microscopium,venus,thriller_suspense,microceratus
ks1464,kylan,sojka,f,march 8 1989,bamanankan,o,leo,sculptor,neptune,biography,kentrosaurus
nm1177,nelle,marquette,f,january 20 1994,lingala,o,gemini,tucana,mars,webdrama,apatosaurus
kz1451,khamiah,zook,f,april 26 1988,yoruba,b,cancer,monoceros,pluto,short_films,baryonyx
rt1713,ruhee,trager,f,february 18 1987,kabyle,o,pisces,telescopium,venus,webdrama,indominus_rex
bf1050,beverley,frasier,f,february 24 1986,vietnamese,a,capricorn,hydra,venus,drama,kentrosaurus
ab1312,alexxander,bartelt,m,july 26 1998,chechen,o,leo,circinus,jupiter,idol,nasutoceratops
xv1247,xiadani,vanderlaan,f,may 30 1994,yakut,o,aries,capricornus,pluto,drama,stegosaurus
kc1353,keldon,crowley,m,december 2 1990,serbian,a,cancer,piscis_austrinus,uranus,idol,dimorphodon
dm1838,dylin,mccreight,m,november 29 1990,portuguese,a,aries,cepheus,saturn,independent,qianzhousaurus
ht1146,hollis,toland,f,january 17 1985,nahuatl,a,aries,lupus,uranus,historical,dryosaurus
kt1561,karder,triche,m,april 28 1987,ilocano,b,cancer,piscis_austrinus,mercury,dance,dryosaurus
ag1148,azora,gianino,f,november 11 1987,samoan,o,cancer,monoceros,venus,music,pteranodon
bb1341,boen,bartlow,m,april 30 1987,turkish,a,libra,delphinus,earth,fashion,brachiosaurus
ch1907,cullin,hawes,m,june 8 1992,kabyle,b,virgo,ursa,jupiter,comedy,triceratops
jd1551,johnhenry,delise,m,january 6 1988,igbo,o,pisces,dorado,mercury,historical,indominus_rex
rm1523,roark,mullett,m,may 17 1994,uyghur,b,cancer,volans,earth,biography,dryosaurus
ap1500,albie,pollman,m,february 14 1992,kabyle,ab,pisces,caelum,jupiter,biography,stegosaurus
rw1401,rynlee,woller,f,january 7 1989,mende,b,virgo,pictor,pluto,beauty,kentrosaurus
pc1340,parley,clasen,m,may 27 1998,bislama,o,sagittarius,ophiuchus,mercury,biography,kentrosaurus
yd1946,yonason,dunkelberger,m,april 12 1997,kabyle,b,virgo,puppis,neptune,fantasy,pteranodon
il1679,isabeau,lillo,f,september 8 1988,nepali,o,scorpio,mensa,uranus,culture,gallimimus
pl1897,parisa,leitzel,f,march 30 1996,burmese,o,libra,corona,saturn,drama,nasutoceratops
zc1766,zaheir,cotter,m,august 12 1991,italian,b,aries,dorado,earth,war,edmontosaurus
ys1564,yehia,shaeffer,m,september 11 1999,vietnamese,ab,taurus,ophiuchus,saturn,classics,triceratops
wt1997,winnifred,tarter,f,august 12 1994,italian,a,leo,lynx,mercury,webdrama,microceratus
as1171,aryssa,shand,f,may 30 1986,bislama,o,capricorn,ara,earth,entertainment,apatosaurus
sm1139,shaddai,mink,m,december 15 1989,japanese,b,libra,cepheus,uranus,sports,baryonyx
jm1396,jazell,mabey,f,july 9 1990,uyghur,b,gemini,auriga,jupiter,melodrama,dimorphodon
ga1409,giannina,armor,f,june 27 1998,cantonese,o,taurus,lacerta,jupiter,entertainment,velociraptor
ja1836,janova,altier,f,july 24 1994,catalan,a,libra,vela,saturn,variety,stegosaurus
dg1002,devaeh,godfrey,f,april 6 1989,dutch,ab,scorpio,hercules,mercury,romance,velociraptor
vc1856,vander,crews,m,february 22 1990,macedonian,o,aquarius,camelopardalis,saturn,telenovelas,velociraptor
tn1368,torreon,nutter,m,july 24 1991,zapotec,b,sagittarius,chamaeleon,mercury,horror,indominus_rex
sm1477,siennarose,mabie,f,october 28 1988,shona,b,aries,octans,jupiter,fashion,brachiosaurus
ab1917,avigayil,bouley,f,july 27 1986,tamil,ab,virgo,norma,venus,independent,qianzhousaurus
ts1801,torrence,steinman,m,june 9 1986,sinhala,o,pisces,auriga,venus,thriller_suspense,indominus_rex
ts1084,taden,shafer,m,march 17 1996,assamese,a,pisces,sagitta,saturn,sci_fi,suchomimus
bh1704,benjamyn,hackenberg,m,august 27 1985,polish,o,libra,canes_venatici,neptune,family_friendly,brachiosaurus
ab1362,arie,blecha,m,march 7 1986,bashkort,o,sagittarius,vulpecula,saturn,political,carnotaurus
kl1563,kenlani,lopp,f,march 7 1991,ojibwa,a,taurus,pavo,mars,variety,edmontosaurus
sw1950,sakshi,wilkie,f,march 7 1994,icelandic,a,aries,orion,pluto,cartoons,dimorphodon
nk1503,neeley,koss,f,april 4 1997,khmer,o,pisces,triangulum,uranus,travel,velociraptor
dm1607,daleah,mcfadyen,f,may 27 1993,icelandic,a,sagittarius,scorpius,neptune,comedy,microceratus
fk1685,faithe,kruse,f,september 13 1996,english,o,aries,cepheus,mars,fantasy,indominus_rex
am1723,alexei,madariaga,m,march 1 1985,nepali,ab,taurus,fornax,mercury,crime_mystery,indominus_rex
ab1226,anhad,botti,m,february 15 1998,basque,ab,pisces,corona,earth,melodrama,indominus_rex
va1089,vaishnavi,apolinar,f,june 27 1990,norwegian,ab,sagittarius,hydrus,saturn,war,mosasaurus
aa1925,abbey,ardila,f,december 9 1998,yoruba,ab,aquarius,hercules,earth,supernatural,baryonyx
rs1291,roa,sandman,f,january 2 1995,tamil,b,gemini,cassiopeia,neptune,melodrama,tyrannosaurus_rex
kp1246,kennedi,pettaway,f,april 18 1988,lao,ab,taurus,octans,venus,fantasy,spinosaurus
az1788,audrinna,zurek,f,january 16 1986,latvian,a,pisces,cassiopeia,uranus,dance,gallimimus
ng1162,nakiyah,griesbach,f,august 12 1995,quechua,b,cancer,cygnus,saturn,classics,tyrannosaurus_rex
ag1187,anaiya,gerke,f,may 27 1987,bislama,ab,gemini,capricornus,neptune,thriller_suspense,baryonyx
st1492,solly,thomason,m,february 12 1994,hawaiian,ab,sagittarius,hydra,pluto,cartoons,microceratus
bv1460,baruc,veatch,m,october 6 1992,latin,b,cancer,octans,saturn,travel,spinosaurus
mn1805,mayvis,niday,f,august 15 1991,tibetic,o,sagittarius,vulpecula,jupiter,variety_show,kentrosaurus
sm1321,savvas,marcus,m,november 21 1990,hiligaynon,ab,aquarius,cetus,earth,sports,apatosaurus
hh1117,henrry,hagans,m,february 22 1992,yiddish,b,taurus,pictor,earth,family_friendly,triceratops
ms1036,mishaal,staller,f,february 26 1997,gujarati,ab,virgo,hydra,earth,war,dimorphodon
